player_id,player_name,age,player_weight,college,country,draft_year,draft_round,draft_number,player_height
1630639,A.J. Lawson,25.0,81.2,South Carolina,Canada,Undrafted,Undrafted,Undrafted,198.1
1631260,AJ Green,26.0,86.2,Northern Iowa,USA,Undrafted,Undrafted,Undrafted,193.0
1642358,AJ Johnson,21.0,72.6,None,USA,2024,1,23,195.6
203932,Aaron Gordon,30.0,106.6,Arizona,USA,2014,1,4,203.2
1628988,Aaron Holiday,29.0,83.9,UCLA,USA,2018,1,23,182.9
1630174,Aaron Nesmith,26.0,97.5,Vanderbilt,USA,2020,1,14,195.6
1630598,Aaron Wiggins,27.0,86.2,Maryland,USA,2021,2,55,195.6
1642846,Ace Bailey,19.0,90.7,Rutgers,USA,2025,1,5,205.7
1642380,Adama Bal,22.0,86.2,Santa Clara,France,Undrafted,Undrafted,Undrafted,200.7
1641737,Adem Bona,23.0,106.6,UCLA,Nigeria,2024,2,41,208.3
1642876,Adou Thiero,22.0,99.8,Arkansas,USA,2025,2,36,200.7
1642349,Ajay Mitchell,24.0,86.2,California-Santa Barbara,Belgium,2024,2,38,193.0
201143,Al Horford,40.0,108.9,Florida,Dominican Republic,2007,1,3,203.2
1630828,Alex Antetokounmpo,24.0,97.1,None,Greece,Undrafted,Undrafted,Undrafted,203.2
1627936,Alex Caruso,32.0,84.4,Texas A&M,USA,Undrafted,Undrafted,Undrafted,195.6
1631457,Alex Morales,28.0,95.3,Wagner,USA,Undrafted,Undrafted,Undrafted,198.1
1642259,Alex Sarr,21.0,93.0,None,France,2024,1,2,213.4
1642918,Alijah Martin,24.0,95.3,Florida,USA,2025,2,39,188.0
1631214,Alondes Williams,27.0,95.3,Wake Forrest,USA,Undrafted,Undrafted,Undrafted,193.0
1630578,Alperen Sengun,23.0,110.2,None,Turkey,2021,1,16,210.8
1642873,Amari Williams,24.0,113.4,Kentucky,United Kingdom,2025,2,46,210.8
1641708,Amen Thompson,23.0,90.7,None,USA,2023,1,4,200.7
1629599,Amir Coffey,29.0,95.3,Minnesota,USA,Undrafted,Undrafted,Undrafted,200.7
1643158,Andersson Garcia,25.0,99.8,Texas A&M,Dominican Republic,Undrafted,Undrafted,Undrafted,200.7
203083,Andre Drummond,32.0,126.6,Connecticut,USA,2012,1,9,210.8
1641748,Andre Jackson Jr.,24.0,94.8,Connecticut,USA,2023,2,36,198.1
1629614,Andrew Nembhard,26.0,86.6,Gonzaga,Canada,2022,2,31,193.0
203952,Andrew Wiggins,31.0,89.4,Kansas,Canada,2014,1,1,198.1
1629014,Anfernee Simons,27.0,90.7,None,USA,2018,1,24,190.5
1641710,Anthony Black,22.0,90.7,Arkansas,USA,2023,1,6,200.7
203076,Anthony Davis,33.0,114.8,Kentucky,USA,2012,1,1,208.3
1630162,Anthony Edwards,24.0,102.1,Georgia,USA,2020,1,1,193.0
1630264,Anthony Gill,33.0,104.3,Virginia,USA,Undrafted,Undrafted,Undrafted,200.7
1641810,Antonio Reeves,25.0,93.0,Kentucky,USA,2024,2,47,195.6
1630574,Ariel Hukporti,24.0,111.6,None,Germany,2024,2,58,213.4
1642854,Asa Newell,20.0,99.8,Georgia,USA,2025,1,23,208.3
1641709,Ausar Thompson,23.0,93.0,None,USA,2023,1,5,200.7
1630559,Austin Reaves,28.0,89.4,Oklahoma,USA,Undrafted,Undrafted,Undrafted,195.6
1630245,Ayo Dosunmu,26.0,91.2,Illinois,USA,2021,2,38,193.0
1628389,Bam Adebayo,28.0,115.7,Kentucky,USA,2017,1,14,205.7
1631248,Baylor Scheierman,25.0,93.0,Creighton,USA,2024,1,30,198.1
1642879,Ben Saraf,20.0,90.7,None,Israel,2025,1,26,198.1
1641767,Ben Sheppard,24.0,86.2,Belmont,USA,2023,1,26,198.1
1631097,Bennedict Mathurin,24.0,95.3,Arizona,Canada,2022,1,6,195.6
1643016,Bez Mbeng,23.0,83.9,Yale,USA,Undrafted,Undrafted,Undrafted,193.0
1641731,Bilal Coulibaly,21.0,88.5,None,France,2023,1,7,200.7
202687,Bismack Biyombo,33.0,115.7,None,DRC,2011,1,7,203.2
1642396,Blake Hinson,26.0,104.3,Pittsburgh,USA,Undrafted,Undrafted,Undrafted,203.2
1631104,Blake Wesley,23.0,86.2,Notre Dame,USA,2022,1,25,193.0
1626171,Bobby Portis Jr.,31.0,113.4,Arkansas,USA,2015,1,22,205.7
1641752,Bobi Klintman,23.0,102.1,None,Sweden,2024,2,37,205.7
203992,Bogdan Bogdanović,33.0,102.1,None,Serbia,2014,1,27,195.6
1630538,Bones Hyland,25.0,76.7,Virginia Commonwealth,USA,2021,1,26,188.0
203078,Bradley Beal,33.0,93.9,Florida,USA,2012,1,3,193.0
1642382,Branden Carlson,27.0,99.8,Utah,USA,Undrafted,Undrafted,Undrafted,213.4
1641764,Brandin Podziemski,23.0,93.0,Santa Clara,USA,2023,1,19,193.0
1629634,Brandon Clarke,29.0,97.5,Gonzaga,Canada,2019,1,21,203.2
1627742,Brandon Ingram,28.0,86.2,Duke,USA,2016,1,2,203.2
1641706,Brandon Miller,23.0,90.7,Alabama,USA,2023,1,2,200.7
1630314,Brandon Williams,26.0,86.2,Arizona,USA,Undrafted,Undrafted,Undrafted,185.4
1641729,Brice Sensabaugh,22.0,106.6,Ohio State,USA,2023,1,28,198.1
1642355,Bronny James,21.0,95.3,Southern California,USA,2024,2,55,188.0
201572,Brook Lopez,38.0,127.9,Stanford,USA,2008,1,10,215.9
1642964,Brooks Barnhizer,24.0,104.3,Northwestern,USA,2025,2,44,195.6
1628971,Bruce Brown,29.0,91.6,Miami,USA,2018,2,42,193.0
1631121,Bryce McGowens,23.0,86.2,Nebraska,USA,2022,2,40,198.1
1642267,Bub Carrington,20.0,86.2,Pittsburgh,USA,2024,1,14,193.0
1631205,Buddy Boeheim,26.0,93.0,Syracuse,USA,Undrafted,Undrafted,Undrafted,195.6
1627741,Buddy Hield,33.0,99.8,Oklahoma,Bahamas,2016,1,6,193.0
1643047,CJ Huntley,24.0,104.3,Appalachian State,USA,Undrafted,Undrafted,Undrafted,210.8
203468,CJ McCollum,34.0,86.2,Lehigh,USA,2013,1,10,190.5
1630595,Cade Cunningham,24.0,99.8,Oklahoma State,USA,2021,1,1,198.1
1631216,Caleb Houstan,23.0,93.0,Michigan,Canada,2022,2,32,203.2
1631126,Caleb Love,24.0,96.2,Arizona,USA,Undrafted,Undrafted,Undrafted,190.5
1628997,Caleb Martin,30.0,93.0,Nevada,USA,Undrafted,Undrafted,Undrafted,195.6
1642353,Cam Christie,20.0,86.2,Minnesota,USA,2024,2,46,195.6
1642285,Cam Spencer,26.0,93.0,Connecticut,USA,2024,2,53,190.5
1630560,Cam Thomas,24.0,95.3,Louisiana State,Japan,2021,1,27,190.5
1641715,Cam Whitmore,21.0,104.3,Villanova,USA,2023,1,20,198.1
1629661,Cameron Johnson,30.0,95.3,North Carolina,USA,2019,1,11,203.2
1626166,Cameron Payne,31.0,83.0,Murray State,USA,2015,1,14,188.0
1627747,Caris LeVert,31.0,93.0,Michigan,USA,2016,1,20,200.7
1642868,Carter Bryant,20.0,99.8,Arizona,USA,2025,1,14,198.1
1641717,Cason Wallace,22.0,88.5,Kentucky,USA,2023,1,10,190.5
1642907,Cedric Coward,22.0,93.4,Washington State,USA,2025,1,11,195.6
1643052,Chaney Johnson,24.0,99.8,Auburn,USA,Undrafted,Undrafted,Undrafted,200.7
1629646,Charles Bassey,25.0,104.3,Western Kentucky,Nigeria,2021,2,53,208.3
1642404,Chaz Lanier,24.0,93.4,Tennessee,USA,2025,2,37,190.5
1631096,Chet Holmgren,24.0,94.3,Gonzaga,USA,2022,1,2,215.9
1628449,Chris Boucher,33.0,90.7,Oregon,Saint Lucia,Undrafted,Undrafted,Undrafted,203.2
1641753,Chris Livingston,22.0,99.8,Kentucky,USA,2023,2,58,198.1
1643024,Chris Mañon,24.0,94.8,Vanderbilt,USA,Undrafted,Undrafted,Undrafted,193.0
101108,Chris Paul,41.0,79.4,Wake Forest,USA,2005,1,4,182.9
1642959,Chris Youngblood,24.0,,Alabama,USA,Undrafted,Undrafted,Undrafted,193.0
1631128,Christian Braun,25.0,99.8,Kansas,USA,2022,1,21,198.1
1631132,Christian Koloko,26.0,102.1,Arizona,Cameroon,2022,2,33,210.8
1642935,Chucky Hepburn,23.0,86.2,Louisville,USA,Undrafted,Undrafted,Undrafted,182.9
203991,Clint Capela,32.0,116.1,None,Switzerland,2014,1,25,208.3
1629632,Coby White,26.0,95.3,North Carolina,USA,2019,1,7,193.0
1628998,Cody Martin,30.0,93.0,Nevada,USA,2019,2,36,198.1
1642262,Cody Williams,21.0,86.2,Colorado,USA,2024,1,10,203.2
1641732,Colby Jones,24.0,93.9,Xavier,USA,2023,2,34,198.1
1630175,Cole Anthony,26.0,83.9,North Carolina,USA,2020,1,15,188.0
1630658,Colin Castleton,26.0,113.4,Florida,USA,Undrafted,Undrafted,Undrafted,208.3
1631221,Collin Gillespie,27.0,88.5,Villanova,USA,Undrafted,Undrafted,Undrafted,185.4
1642867,Collin Murray-Boyles,21.0,111.1,South Carolina,USA,2025,1,9,200.7
1629012,Collin Sexton,27.0,86.2,Alabama,USA,2018,1,8,190.5
1642843,Cooper Flagg,19.0,93.0,Duke,USA,2025,1,1,205.7
1630557,Corey Kispert,27.0,101.6,Gonzaga,USA,2021,1,15,198.1
1642504,Cormac Ryan,27.0,93.0,North Carolina,USA,Undrafted,Undrafted,Undrafted,195.6
1641854,Craig Porter Jr.,26.0,81.6,Wichita State,USA,Undrafted,Undrafted,Undrafted,185.4
1642938,Curtis Jones,24.0,88.5,Iowa State,USA,Undrafted,Undrafted,Undrafted,190.5
1626156,D'Angelo Russell,30.0,87.5,Ohio State,USA,2015,1,2,190.5
1629610,DaQuan Jeffries,28.0,100.7,Tulsa,USA,Undrafted,Undrafted,Undrafted,195.6
1641747,DaRon Holmes II,23.0,102.1,Dayton,USA,2024,1,22,205.7
1631342,Daeqwon Plowden,27.0,98.0,Bowling Green,USA,Undrafted,Undrafted,Undrafted,193.0
1630625,Dalano Banton,26.0,92.1,Nebraska,Canada,2021,2,46,203.2
1631207,Dalen Terry,23.0,95.3,Arizona,USA,2022,1,18,198.1
1642261,Dalton Knecht,25.0,97.5,Tennessee,USA,2024,1,17,198.1
1629655,Daniel Gafford,27.0,120.2,Arkansas,USA,2019,2,38,208.3
1642450,Daniss Jenkins,24.0,74.8,St. John's,USA,Undrafted,Undrafted,Undrafted,193.0
1642874,Danny Wolf,22.0,113.4,Michigan,USA,2025,1,27,210.8
203967,Dario Saric,32.0,102.1,None,Croatia,2014,1,12,208.3
1641727,Dariq Whitehead,21.0,99.8,Duke,USA,2023,1,22,198.1
1642468,Darius Brown II,26.0,87.1,Utah State,USA,Undrafted,Undrafted,Undrafted,188.0
1629636,Darius Garland,26.0,87.1,Vanderbilt,USA,2019,1,5,185.4
1642357,David Jones Garcia,24.0,95.3,Memphis,Dominican Republic,Undrafted,Undrafted,Undrafted,193.0
1631223,David Roddy,25.0,115.7,Colorado State,USA,2022,1,23,195.6
1630558,Davion Mitchell,27.0,91.6,Baylor,USA,2021,1,9,182.9
1630549,Day'Ron Sharpe,24.0,120.2,North Carolina,USA,2021,1,29,208.3
1628368,De'Aaron Fox,28.0,83.9,Kentucky,USA,2017,1,5,190.5
1629631,De'Andre Hunter,28.0,100.2,Virginia,USA,2019,1,4,200.7
1629001,De'Anthony Melton,28.0,90.7,Southern California,USA,2018,2,46,188.0
201599,DeAndre Jordan,37.0,120.2,Texas A&M,USA,2008,2,35,210.8
1630610,DeJon Jarreau,28.0,83.9,Houston,USA,Undrafted,Undrafted,Undrafted,195.6
201942,DeMar DeRozan,36.0,99.8,USC,USA,2009,1,9,198.1
1629731,Dean Wade,29.0,103.4,Kansas State,USA,Undrafted,Undrafted,Undrafted,205.7
1629028,Deandre Ayton,27.0,114.3,Arizona,Bahamas,2018,1,1,213.4
1627749,Dejounte Murray,29.0,81.6,Washington,USA,2016,1,29,193.0
1630166,Deni Avdija,25.0,103.4,None,Israel,2020,1,9,203.2
203471,Dennis Schröder,32.0,79.4,None,Germany,2013,1,17,185.4
1641726,Dereck Lively II,22.0,104.3,Duke,USA,2023,1,12,215.9
1642852,Derik Queen,21.0,113.4,Maryland,USA,2025,1,13,205.7
1627884,Derrick Jones Jr.,29.0,95.3,UNLV,USA,Undrafted,Undrafted,Undrafted,198.1
1628401,Derrick White,31.0,86.2,Colorado,USA,2017,1,29,193.0
1630217,Desmond Bane,28.0,97.5,TCU,USA,2020,1,30,198.1
1626164,Devin Booker,29.0,93.4,Kentucky,USA,2015,1,13,195.6
1642269,Devin Carter,24.0,88.5,Providence,USA,2024,1,13,188.0
1630170,Devin Vassell,25.0,90.7,Florida State,USA,2020,1,11,195.6
1628415,Dillon Brooks,30.0,102.1,Oregon,Canada,2017,2,45,200.7
1641794,Dillon Jones,24.0,106.6,Weber State,USA,2024,1,26,195.6
1627734,Domantas Sabonis,30.0,108.9,Gonzaga,Lithuania,2016,1,11,208.3
1631230,Dominick Barlow,23.0,101.6,None,USA,Undrafted,Undrafted,Undrafted,205.7
1642270,Donovan Clingan,22.0,127.0,Connecticut,USA,2024,1,7,218.4
1628378,Donovan Mitchell,29.0,97.5,Louisville,USA,2017,1,13,188.0
1628978,Donte DiVincenzo,29.0,92.1,Villanova,USA,2018,1,17,193.0
1627827,Dorian Finney-Smith,33.0,99.8,Florida,USA,Undrafted,Undrafted,Undrafted,200.7
203926,Doug McDermott,34.0,102.1,Creighton,USA,2014,1,11,200.7
1642962,Drake Powell,20.0,88.5,North Carolina,USA,2025,1,22,195.6
203110,Draymond Green,36.0,104.3,Michigan State,USA,2012,2,35,198.1
1629234,Drew Eubanks,29.0,111.1,Oregon State,USA,Undrafted,Undrafted,Undrafted,208.3
1641809,Drew Peterson,26.0,93.0,USC,USA,Undrafted,Undrafted,Undrafted,203.2
1631166,Drew Timme,25.0,106.6,Gonzaga,USA,Undrafted,Undrafted,Undrafted,205.7
1630696,Dru Smith,28.0,92.1,Missouri,USA,Undrafted,Undrafted,Undrafted,188.0
1629130,Duncan Robinson,32.0,97.5,Michigan,USA,Undrafted,Undrafted,Undrafted,200.7
1641871,Duop Reath,30.0,111.1,Louisiana State,South Sudan,Undrafted,Undrafted,Undrafted,205.7
203939,Dwight Powell,34.0,108.9,Stanford,Canada,2014,2,45,208.3
1642928,Dylan Cardwell,24.0,115.7,Auburn,USA,Undrafted,Undrafted,Undrafted,208.3
1642844,Dylan Harper,20.0,97.5,Rutgers,USA,2025,1,2,195.6
1630700,Dyson Daniels,23.0,90.3,None,Australia,2022,1,8,200.7
1630604,E.J. Liddell,25.0,108.9,Ohio State,USA,2022,2,41,198.1
1642856,Egor Dëmin,20.0,90.7,Brigham Young,Russia,2025,1,8,203.2
1641989,Elijah Harkless,26.0,88.5,UNLV,USA,Undrafted,Undrafted,Undrafted,190.5
1641801,Emanuel Miller,26.0,97.5,Texas Christian,Canada,Undrafted,Undrafted,Undrafted,195.6
1642402,Enrique Freeman,25.0,99.8,Akron,USA,2024,2,50,205.7
201569,Eric Gordon,37.0,97.5,Indiana,USA,2008,1,7,190.5
1630679,Ethan Thompson,27.0,88.5,Oregon State,Puerto Rico,Undrafted,Undrafted,Undrafted,193.0
1630596,Evan Mobley,25.0,97.5,Southern California,USA,2021,1,3,210.8
1630532,Franz Wagner,24.0,99.8,Michigan,Germany,2021,1,8,208.3
1641713,GG Jackson,21.0,95.3,South Carolina,USA,2023,2,45,205.7
1629216,Gabe Vincent,30.0,90.7,California-Santa Barbara,USA,Undrafted,Undrafted,Undrafted,188.0
202066,Garrett Temple,40.0,88.5,Louisiana State,USA,Undrafted,Undrafted,Undrafted,195.6
1629726,Garrison Mathews,29.0,97.5,Lipscomb,USA,Undrafted,Undrafted,Undrafted,195.6
203914,Gary Harris,31.0,95.3,Michigan State,USA,2014,1,19,193.0
1627780,Gary Payton II,33.0,88.5,Oregon State,USA,Undrafted,Undrafted,Undrafted,188.0
1629018,Gary Trent Jr.,27.0,92.5,Duke,USA,2018,2,37,195.6
203507,Giannis Antetokounmpo,31.0,110.2,None,Greece,2013,1,15,210.8
1629048,Goga Bitadze,26.0,113.4,None,Georgia,2019,1,18,210.8
1641711,Gradey Dick,22.0,90.7,Kansas,USA,2023,1,13,200.7
1641761,Grant Nelson,24.0,97.5,Alabama,USA,Undrafted,Undrafted,Undrafted,213.4
1629684,Grant Williams,27.0,107.0,Tennessee,USA,2019,1,22,200.7
1628960,Grayson Allen,30.0,89.8,Duke,USA,2018,1,21,190.5
1627824,Guerschon Yabusele,30.0,120.2,None,France,2016,1,16,200.7
1630611,Gui Santos,24.0,83.9,None,Brazil,2022,2,55,200.7
203084,Harrison Barnes,34.0,102.1,North Carolina,USA,2012,1,7,200.7
1631127,Harrison Ingram,23.0,104.3,North Carolina,USA,2024,2,48,195.6
1643060,Hayden Gray,23.0,86.2,California-San Diego,USA,Undrafted,Undrafted,Undrafted,193.0
1629312,Haywood Highsmith,29.0,99.8,Wheeling Jesuit,USA,2018,,,195.6
1630529,Herbert Jones,27.0,93.4,Alabama,USA,2021,2,35,200.7
1642864,Hugo González,20.0,90.7,None,Spain,2025,1,28,198.1
1630621,Hunter Dickinson,25.0,115.7,Kansas,USA,Undrafted,Undrafted,Undrafted,215.9
1642282,Hunter Sallis,23.0,83.9,Wake Forest,USA,Undrafted,Undrafted,Undrafted,193.0
1641816,Hunter Tyson,26.0,97.5,Clemson,USA,2023,2,37,203.2
1630193,Immanuel Quickley,27.0,86.2,Kentucky,USA,2020,1,25,188.0
1642403,Isaac Jones,25.0,111.1,Washington State,USA,Undrafted,Undrafted,Undrafted,203.2
1630171,Isaac Okoro,25.0,102.1,Auburn,USA,2020,1,5,193.0
1642268,Isaiah Collier,21.0,95.3,Southern California,USA,2024,1,29,193.0
1642384,Isaiah Crawford,24.0,99.8,Louisiana Tech,USA,Undrafted,Undrafted,Undrafted,198.1
1628392,Isaiah Hartenstein,28.0,113.4,None,Germany,2017,2,43,213.4
1630543,Isaiah Jackson,24.0,93.0,Kentucky,USA,2021,1,22,203.2
1630198,Isaiah Joe,26.0,74.8,Arkansas,USA,2020,2,49,193.0
1630587,Isaiah Livers,27.0,105.2,Michigan,USA,2021,2,42,198.1
1641815,Isaiah Stevens,25.0,83.9,Colorado State,USA,Undrafted,Undrafted,Undrafted,180.3
1630191,Isaiah Stewart,25.0,113.4,Washington,USA,2020,1,16,203.2
1627826,Ivica Zubac,29.0,108.9,None,Croatia,2016,2,32,213.4
1631120,JD Davison,23.0,88.5,Alabama,USA,2022,2,53,185.4
1629630,Ja Morant,26.0,78.9,Murray State,USA,2019,1,2,188.0
1642266,Ja'Kobe Walter,21.0,81.6,Baylor,USA,2024,1,19,193.0
1631095,Jabari Smith Jr.,23.0,99.8,Auburn,USA,2022,1,3,210.8
1631133,Jabari Walker,23.0,107.5,Colorado,USA,2022,2,57,200.7
1631210,Jacob Toppin,26.0,90.7,Kentucky,USA,Undrafted,Undrafted,Undrafted,205.7
1630702,Jaden Hardy,23.0,89.8,None,USA,2022,2,37,190.5
1631093,Jaden Ivey,24.0,88.5,Purdue,USA,2022,1,5,190.5
1630183,Jaden McDaniels,25.0,83.9,Washington,USA,2020,1,28,205.7
1630256,Jae'Sean Tate,30.0,104.3,Ohio State,USA,Undrafted,Undrafted,Undrafted,193.0
1642942,Jahmai Mashack,23.0,92.1,Tennessee,USA,2025,2,59,193.0
1642443,Jahmir Young,25.0,83.9,Maryland,USA,Undrafted,Undrafted,Undrafted,182.9
1643141,Jahmyl Telfort,25.0,,None,Canada,Undrafted,Undrafted,Undrafted,200.7
1631170,Jaime Jaquez Jr.,25.0,102.1,UCLA,USA,2023,1,18,198.1
1631222,Jake LaRavia,24.0,106.6,Wake Forest,USA,2022,1,19,200.7
1627751,Jakob Poeltl,30.0,114.8,Utah,Austria,2016,1,9,213.4
1628973,Jalen Brunson,29.0,86.2,Villanova,USA,2018,2,33,188.0
1631105,Jalen Duren,22.0,113.4,Memphis,USA,2022,1,13,208.3
1630224,Jalen Green,24.0,84.4,None,USA,2021,1,2,193.0
1630552,Jalen Johnson,24.0,99.3,Duke,USA,2021,1,20,203.2
1629618,Jalen Pickett,26.0,91.6,Penn State,USA,2023,2,32,188.0
1641771,Jalen Slawson,26.0,97.5,Furman,USA,2023,2,54,200.7
1630188,Jalen Smith,26.0,110.7,Maryland,USA,2020,1,10,203.2
1630591,Jalen Suggs,25.0,93.0,Gonzaga,USA,2021,1,5,195.6
1631114,Jalen Williams,25.0,95.7,Santa Clara,USA,2022,1,12,195.6
1630592,Jalen Wilson,25.0,99.8,Kansas,USA,2023,2,51,198.1
1631288,Jamal Cain,27.0,86.6,Oakland,USA,Undrafted,Undrafted,Undrafted,200.7
1627750,Jamal Murray,29.0,97.5,Kentucky,Canada,2016,1,7,193.0
1642347,Jamal Shead,23.0,90.7,Houston,USA,2024,2,45,185.4
1631123,Jamaree Bouyea,27.0,81.6,San Francisco,USA,Undrafted,Undrafted,Undrafted,188.0
201935,James Harden,36.0,99.8,Arizona State,USA,2009,1,3,195.6
1630164,James Wiseman,25.0,108.9,Memphis,USA,2020,1,2,210.8
1642364,Jamir Watkins,24.0,95.3,Florida State,USA,2025,2,43,198.1
1642419,Jamison Battle,25.0,99.8,Ohio State,USA,Undrafted,Undrafted,Undrafted,200.7
1641716,Jarace Walker,22.0,106.6,Houston,USA,2023,1,8,200.7
1642272,Jared McCain,22.0,88.5,Duke,USA,2024,1,16,190.5
1628991,Jaren Jackson Jr.,26.0,109.8,Michigan State,USA,2018,1,4,208.3
1629020,Jarred Vanderbilt,27.0,97.1,Kentucky,USA,2018,2,41,203.2
1628386,Jarrett Allen,28.0,110.2,Texas,USA,2017,1,22,205.7
1642859,Jase Richardson,20.0,81.6,Michigan State,USA,2025,1,25,185.4
1642914,Javon Small,23.0,86.2,West Virginia,USA,2025,2,48,185.4
1631451,Javonte Cooke,26.0,83.9,Winston-Salem State,USA,Undrafted,Undrafted,Undrafted,198.1
1629750,Javonte Green,32.0,93.0,Radford,USA,Undrafted,Undrafted,Undrafted,195.6
1629637,Jaxson Hayes,26.0,99.8,Texas,USA,2019,1,8,213.4
1630643,Jay Huff,28.0,108.9,Virginia,USA,Undrafted,Undrafted,Undrafted,215.9
1627759,Jaylen Brown,29.0,101.2,California,USA,2016,1,3,198.1
1641740,Jaylen Clark,24.0,93.0,UCLA,USA,2023,2,53,195.6
1642377,Jaylen Wells,22.0,,Washington State,USA,2024,2,39,200.7
1631119,Jaylin Williams,24.0,108.9,Arkansas,USA,2022,2,34,205.7
1642281,Jaylon Tyson,23.0,97.5,California,USA,2024,1,20,198.1
1643257,Jayson Kent,24.0,97.5,Texas,USA,Undrafted,Undrafted,Undrafted,203.2
1628369,Jayson Tatum,28.0,95.3,Duke,USA,2017,1,3,203.2
201145,Jeff Green,39.0,106.6,Georgetown,USA,2007,1,5,203.2
203924,Jerami Grant,32.0,96.6,Syracuse,USA,2014,2,39,200.7
1642847,Jeremiah Fears,19.0,86.2,Oklahoma,USA,2025,1,7,190.5
1630526,Jeremiah Robinson-Earl,25.0,108.9,Villanova,USA,2021,2,32,205.7
1631110,Jeremy Sochan,23.0,104.3,Baylor,Poland,2022,1,9,203.2
1630579,Jericho Sims,27.0,113.4,Texas,USA,2021,2,58,208.3
1641724,Jett Howard,22.0,97.5,Michigan,USA,2023,1,11,203.2
1628975,Jevon Carter,30.0,86.2,West Virginia,USA,2018,2,32,182.9
202710,Jimmy Butler III,36.0,104.3,Marquette,USA,2011,1,30,198.1
1642866,Joan Beringer,19.0,104.3,None,France,2025,1,17,210.8
1629111,Jock Landale,30.0,115.7,St. Mary's,Australia,Undrafted,Undrafted,Undrafted,210.8
204060,Joe Ingles,38.0,99.8,None,Australia,Undrafted,Undrafted,Undrafted,203.2
203954,Joel Embiid,32.0,122.5,Kansas,Cameroon,2014,1,3,213.4
1628381,John Collins,28.0,102.5,Wake Forest,USA,2017,1,19,205.7
1629723,John Konchar,30.0,95.3,Indiana-Purdue Fort Wayne,USA,Undrafted,Undrafted,Undrafted,195.6
1642967,John Poulakidas,23.0,93.0,Yale,USA,Undrafted,Undrafted,Undrafted,198.1
1642910,John Tonje,25.0,98.9,Wisconsin,USA,2025,2,53,193.0
1641780,Johni Broome,23.0,110.7,Auburn,USA,2025,2,35,205.7
1642277,Johnny Furphy,21.0,90.7,Kansas,Australia,2024,2,35,203.2
1630548,Johnny Juzang,25.0,102.5,UCLA,USA,Undrafted,Undrafted,Undrafted,200.7
202685,Jonas Valanciunas,34.0,120.2,None,Lithuania,2011,1,5,210.8
1628371,Jonathan Isaac,28.0,104.3,Florida State,USA,2017,1,6,208.3
1630228,Jonathan Kuminga,23.0,102.1,None,DRC,2021,1,7,200.7
1642367,Jonathan Mogbo,24.0,102.1,San Francisco,USA,2024,2,31,205.7
203903,Jordan Clarkson,34.0,88.0,Missouri,USA,2014,2,46,195.6
1630692,Jordan Goodwin,27.0,97.5,St. Louis,USA,Undrafted,Undrafted,Undrafted,190.5
1641722,Jordan Hawkins,24.0,86.2,Connecticut,USA,2023,1,14,195.6
1629162,Jordan McLaughlin,30.0,83.9,Southern California,USA,Undrafted,Undrafted,Undrafted,180.3
1641757,Jordan Miller,26.0,88.0,Miami,USA,2023,2,48,195.6
1629673,Jordan Poole,27.0,88.0,Michigan,USA,2019,1,28,193.0
1641775,Jordan Walsh,22.0,93.0,Arkansas,USA,2023,2,38,198.1
1630631,Jose Alvarado,28.0,81.2,Georgia Tech,USA,Undrafted,Undrafted,Undrafted,182.9
1630581,Josh Giddey,23.0,97.1,None,Australia,2021,1,6,200.7
1630182,Josh Green,25.0,90.7,Arizona,Australia,2020,1,18,198.1
1628404,Josh Hart,31.0,97.5,Villanova,USA,2017,1,30,195.6
1631169,Josh Minott,23.0,93.0,Memphis,USA,2022,2,45,203.2
1642490,Josh Oduro,25.0,108.9,Providence,USA,Undrafted,Undrafted,Undrafted,205.7
1629006,Josh Okogie,27.0,96.6,Georgia Tech,Nigeria,2018,1,20,193.0
201950,Jrue Holiday,36.0,99.8,UCLA,USA,2009,1,17,193.0
1630577,Julian Champagnie,25.0,98.4,St. John's,USA,Undrafted,Undrafted,Undrafted,200.7
1641763,Julian Phillips,22.0,91.2,Tennessee,USA,2023,2,35,198.1
1642882,Julian Reese,23.0,104.3,Maryland,USA,Undrafted,Undrafted,Undrafted,205.7
1631124,Julian Strawther,24.0,93.0,Gonzaga,USA,2023,1,29,198.1
203944,Julius Randle,31.0,113.4,Kentucky,USA,2014,1,7,205.7
1630551,Justin Champagnie,25.0,93.4,Pittsburgh,USA,Undrafted,Undrafted,Undrafted,198.1
1642348,Justin Edwards,22.0,98.4,Kentucky,USA,Undrafted,Undrafted,Undrafted,200.7
203994,Jusuf Nurkić,31.0,131.5,None,Bosnia and Herzegovina,2014,1,16,210.8
1642354,KJ Simpson,23.0,85.7,Colorado,USA,2024,2,42,188.0
1642955,Kadary Richmond,24.0,93.0,Syracuse,USA,Undrafted,Undrafted,Undrafted,198.1
1642880,Kam Jones,24.0,90.7,Marquette,USA,2025,2,38,193.0
1626157,Karl-Anthony Towns,30.0,112.5,Kentucky,USA,2015,1,1,213.4
1631255,Karlo Matković,25.0,104.8,None,Bosnia and Herzegovina,2022,2,52,208.3
1642857,Kasparas Jakučionis,20.0,90.7,Illinois-Urbana-Champaign,Lithuania,2025,1,20,195.6
202695,Kawhi Leonard,35.0,102.1,San Diego State,USA,2011,1,15,198.1
1630811,Keaton Wallace,27.0,83.9,Texas-San Antonio,USA,Undrafted,Undrafted,Undrafted,190.5
1631099,Keegan Murray,25.0,102.1,Iowa,USA,2022,1,4,203.2
1642276,Kel'el Ware,22.0,104.3,Indiana,USA,2024,1,15,213.4
1629640,Keldon Johnson,26.0,99.8,Kentucky,USA,2019,1,29,198.1
203482,Kelly Olynyk,35.0,108.9,Gonzaga,Canada,2013,1,13,213.4
1626162,Kelly Oubre Jr.,30.0,95.3,Kansas,USA,2015,1,15,203.2
1631113,Kennedy Chandler,23.0,77.1,Tennessee,USA,2022,2,38,182.9
1629026,Kenrich Williams,31.0,95.3,TCU,USA,Undrafted,Undrafted,Undrafted,200.7
203484,Kentavious Caldwell-Pope,33.0,92.5,Georgia,USA,2013,1,8,195.6
1631165,Keon Ellis,26.0,79.4,Alabama,USA,Undrafted,Undrafted,Undrafted,193.0
1642352,Keshad Johnson,25.0,102.1,Arizona,USA,Undrafted,Undrafted,Undrafted,198.1
1642933,Keshon Gilbert,23.0,90.7,Iowa State,USA,Undrafted,Undrafted,Undrafted,193.0
201142,Kevin Durant,37.0,108.9,Texas,USA,2007,1,2,210.8
1628989,Kevin Huerter,27.0,86.2,Maryland,USA,2018,1,19,198.1
201567,Kevin Love,37.0,113.9,UCLA,USA,2008,1,5,208.3
1641755,Kevin McCullar Jr.,25.0,95.3,Kansas,USA,2024,2,56,198.1
1629645,Kevin Porter Jr.,26.0,92.1,Southern California,USA,2019,1,30,195.6
1626172,Kevon Looney,30.0,100.7,UCLA,USA,2015,1,30,205.7
1641718,Keyonte George,22.0,83.9,Baylor,USA,2023,1,16,193.0
1642863,Khaman Maluach,19.0,113.4,Duke,South Sudan,2025,1,10,215.9
203114,Khris Middleton,34.0,100.7,Texas A&M,USA,2012,2,39,200.7
1630165,Killian Hayes,24.0,88.5,None,France,2020,1,7,193.0
202691,Klay Thompson,36.0,99.8,Washington State,USA,2011,1,11,195.6
1641738,Kobe Brown,26.0,113.4,Missouri,USA,2023,1,30,200.7
1641723,Kobe Bufkin,22.0,88.5,Michigan,USA,2023,1,15,193.0
1642920,Kobe Sanders,24.0,93.9,Nevada,USA,2025,2,50,203.2
1642886,Koby Brea,23.0,97.5,Kentucky,USA,2025,2,41,195.6
1642851,Kon Knueppel,20.0,97.5,Duke,USA,2025,1,4,198.1
1627739,Kris Dunn,32.0,93.0,Providence,USA,2016,1,5,190.5
1631200,Kris Murray,25.0,98.9,Iowa,USA,2023,1,23,203.2
204001,Kristaps Porziņģis,30.0,108.9,None,Latvia,2015,1,4,218.4
203937,Kyle Anderson,32.0,104.3,UCLA,USA,2014,1,30,203.2
1642271,Kyle Filipowski,22.0,113.4,Duke,USA,2024,2,32,210.8
1628398,Kyle Kuzma,30.0,100.2,Utah,USA,2017,1,27,203.2
200768,Kyle Lowry,40.0,88.9,Villanova,USA,2006,1,24,182.9
1642273,Kyshawn George,22.0,90.7,Miami,Switzerland,2024,1,24,203.2
1643018,LJ Cryer,24.0,,Houston,USA,Undrafted,Undrafted,Undrafted,182.9
1630163,LaMelo Ball,24.0,81.6,None,USA,2020,1,3,200.7
1642950,Lachlan Olbrich,22.0,107.0,None,Australia,2025,2,55,203.2
1629013,Landry Shamet,29.0,86.2,Wichita State,USA,2018,1,26,195.6
1626204,Larry Nance Jr.,33.0,111.1,Wyoming,USA,2015,1,27,198.1
1628374,Lauri Markkanen,29.0,108.9,Arizona,Finland,2017,1,7,215.9
1643133,Lawson Lovering,23.0,,Utah,USA,Undrafted,Undrafted,Undrafted,213.4
2544,LeBron James,41.0,113.4,None,USA,2003,1,1,205.7
1641778,Leaky Black,27.0,94.8,North Carolina,USA,Undrafted,Undrafted,Undrafted,198.1
1631159,Leonard Miller,22.0,99.8,None,Canada,2023,2,33,208.3
1642862,Liam McNeeley,20.0,95.3,Connecticut,USA,2025,1,29,200.7
1630322,Lindy Waters III,28.0,95.3,Oklahoma State,USA,Undrafted,Undrafted,Undrafted,195.6
1628366,Lonzo Ball,28.0,86.2,UCLA,USA,2017,1,2,195.6
1631351,Lucas Williamson,27.0,93.0,Loyola (IL),USA,Undrafted,Undrafted,Undrafted,193.0
1629652,Luguentz Dort,27.0,99.8,Arizona State,Canada,Undrafted,Undrafted,Undrafted,193.0
1629029,Luka Dončić,27.0,104.3,None,Slovenia,2018,1,3,203.2
1630568,Luka Garza,27.0,110.2,Iowa,USA,2021,2,52,208.3
1628379,Luke Kennard,30.0,93.4,Duke,USA,2017,1,12,195.6
1628436,Luke Kornet,30.0,113.4,Vanderbilt,USA,Undrafted,Undrafted,Undrafted,215.9
1631247,Luke Travers,24.0,93.9,None,Australia,2022,2,56,198.1
1630644,Mac McClung,27.0,83.9,Texas Tech,USA,Undrafted,Undrafted,Undrafted,188.0
1641869,Malachi Smith,26.0,93.0,Gonzaga,USA,Undrafted,Undrafted,Undrafted,193.0
1631103,Malaki Branham,23.0,81.6,Ohio State,USA,2022,1,20,193.0
1642502,Malevy Leons,26.0,95.3,Bradley,Netherlands,Undrafted,Undrafted,Undrafted,205.7
1628370,Malik Monk,28.0,90.7,Kentucky,USA,2017,1,11,190.5
1630699,MarJon Beauchamp,25.0,90.3,None,USA,2022,1,24,200.7
1631204,Marcus Sasser,25.0,88.5,Houston,USA,2023,1,25,185.4
203935,Marcus Smart,32.0,99.8,Oklahoma State,USA,2014,1,6,190.5
1641813,Mark Sears,24.0,83.9,Alabama,USA,Undrafted,Undrafted,Undrafted,182.9
1631109,Mark Williams,24.0,108.9,Duke,USA,2022,1,15,215.9
1628365,Markelle Fultz,28.0,94.8,Washington,USA,2017,1,1,193.0
1628963,Marvin Bagley III,27.0,106.6,Duke,USA,2018,1,2,208.3
203486,Mason Plumlee,36.0,115.2,Duke,USA,2013,1,22,213.4
1641824,Matas Buzelis,21.0,88.9,None,USA,2024,1,11,203.2
1629680,Matisse Thybulle,29.0,91.6,Washington,USA,2019,1,20,195.6
1631108,Max Christie,23.0,86.2,Michigan State,USA,2022,2,35,195.6
1642917,Max Shulga,24.0,95.3,Virginia Commonwealth,Ukraine,2025,2,57,193.0
1629622,Max Strus,30.0,97.5,DePaul,USA,Undrafted,Undrafted,Undrafted,195.6
1628467,Maxi Kleber,34.0,108.9,None,Germany,Undrafted,Undrafted,Undrafted,208.3
1642875,Maxime Raynaud,23.0,113.4,Stanford,France,2025,2,42,215.9
1642877,Micah Peavy,24.0,97.5,Georgetown,USA,2025,2,40,200.7
1630695,Micah Potter,28.0,112.5,Wisconsin,USA,Undrafted,Undrafted,Undrafted,205.7
1629008,Michael Porter Jr.,28.0,98.9,Missouri,USA,2018,1,14,208.3
1628969,Mikal Bridges,29.0,94.8,Villanova,USA,2018,1,10,198.1
201144,Mike Conley,38.0,79.4,Ohio State,USA,2007,1,4,185.4
1628970,Miles Bridges,28.0,102.1,Michigan State,USA,2018,1,12,200.7
1642939,Miles Kelly,23.0,86.2,Auburn,USA,Undrafted,Undrafted,Undrafted,193.0
1630540,Miles McBride,25.0,88.5,West Virginia,USA,2021,2,36,188.0
1629011,Mitchell Robinson,28.0,108.9,Western Kentucky,USA,2018,2,36,213.4
1628964,Mo Bamba,28.0,104.8,Texas,USA,2018,1,6,213.4
1642885,Mohamed Diawara,21.0,102.1,None,France,2025,2,51,205.7
1628420,Monte Morris,31.0,83.0,Iowa State,USA,2017,2,51,188.0
1629021,Moritz Wagner,29.0,111.1,Michigan,Germany,2018,1,25,210.8
1630541,Moses Moody,24.0,95.7,Arkansas,USA,2021,1,14,195.6
1631338,Mouhamadou Gueye,27.0,95.3,Pittsburgh,USA,Undrafted,Undrafted,Undrafted,205.7
1631243,Mouhamed Gueye,23.0,95.3,Washington State,Senegal,2023,2,39,210.8
1630619,Moussa Cisse,23.0,99.8,Memphis,Guinea,Undrafted,Undrafted,Undrafted,210.8
1631217,Moussa Diabaté,24.0,95.3,Michigan,France,2022,2,43,208.3
1626167,Myles Turner,30.0,113.4,Texas,USA,2015,1,11,210.8
1642066,Myron Gardner,25.0,99.8,Arkansas-Little Rock,USA,Undrafted,Undrafted,Undrafted,195.6
1642368,N'Faly Dante,24.0,104.3,Oregon,Mali,Undrafted,Undrafted,Undrafted,210.8
1641772,Nae'Qwan Tomlin,25.0,95.3,Memphis,USA,Undrafted,Undrafted,Undrafted,203.2
1630230,Naji Marshall,28.0,99.8,Xavier,USA,Undrafted,Undrafted,Undrafted,198.1
1631466,Nate Williams,27.0,93.0,Buffalo,USA,Undrafted,Undrafted,Undrafted,195.6
1629675,Naz Reid,26.0,119.7,Louisiana State,USA,Undrafted,Undrafted,Undrafted,205.7
1629674,Neemias Queta,26.0,112.5,Utah State,Portugal,2021,2,39,213.4
1629651,Nic Claxton,27.0,97.5,Georgia,USA,2019,2,31,210.8
1630208,Nick Richards,28.0,111.1,Kentucky,Jamaica,2020,2,42,210.8
1641733,Nick Smith Jr.,22.0,83.9,Arkansas,USA,2023,1,27,188.0
1629638,Nickeil Alexander-Walker,27.0,93.0,Virginia Tech,Canada,2019,1,17,195.6
201587,Nicolas Batum,37.0,104.3,None,France,2008,1,25,200.7
1628502,Nigel Hayes-Davis,31.0,115.2,Wisconsin,USA,Undrafted,Undrafted,Undrafted,200.7
203999,Nikola Jokić,31.0,128.8,None,Serbia,2014,2,41,210.8
1631107,Nikola Jović,23.0,93.0,None,Serbia,2022,1,27,208.3
1642260,Nikola Topić,20.0,90.7,None,Serbia,2024,1,12,198.1
202696,Nikola Vučević,35.0,120.2,Southern California,Montenegro,2011,1,16,205.7
1642363,Nique Clifford,24.0,79.4,Colorado State,USA,2025,1,24,195.6
1642855,Noa Essengue,19.0,88.0,None,France,2025,1,12,203.2
1641730,Noah Clowney,21.0,95.3,Alabama,USA,2023,1,21,208.3
1642869,Noah Penda,21.0,97.5,None,France,2025,2,32,200.7
1642849,Nolan Traore,20.0,83.9,None,France,2025,1,19,190.5
1641807,Norchad Omier,24.0,112.5,Miami,Nicaragua,Undrafted,Undrafted,Undrafted,200.7
1626181,Norman Powell,33.0,97.5,UCLA,USA,2015,2,46,190.5
1628384,OG Anunoby,28.0,108.9,Indiana,United Kingdom,2017,1,23,200.7
1630167,Obi Toppin,28.0,99.8,Dayton,USA,2020,1,8,205.7
1630534,Ochai Agbaji,26.0,97.5,Kansas,USA,2022,1,14,195.6
1630846,Olivier Sarr,27.0,108.9,Kentucky,France,Undrafted,Undrafted,Undrafted,208.3
1641765,Olivier-Maxence Prosper,23.0,104.3,Marquette,Canada,2023,1,24,200.7
1630209,Omer Yurtseven,28.0,124.7,Georgetown,Turkey,Undrafted,Undrafted,Undrafted,210.8
1630168,Onyeka Okongwu,25.0,108.9,Southern California,USA,2020,1,6,208.3
1631115,Orlando Robinson,25.0,106.6,Fresno State,USA,Undrafted,Undrafted,Undrafted,208.3
1631131,Oscar Tshiebwe,26.0,115.7,Kentucky,DRC,Undrafted,Undrafted,Undrafted,203.2
1642345,Oso Ighodaro,23.0,106.6,Marquette,USA,2024,2,40,210.8
1631172,Ousmane Dieng,23.0,83.9,None,France,2022,1,11,205.7
1629023,P.J. Washington,27.0,104.3,Kentucky,USA,2019,1,12,200.7
1641790,PJ Hall,24.0,111.1,Clemson,USA,Undrafted,Undrafted,Undrafted,203.2
1642359,Pacôme Dadiet,20.0,95.3,None,France,2024,1,25,205.7
1631094,Paolo Banchero,23.0,113.4,Duke,USA,2022,1,1,208.3
1627783,Pascal Siakam,32.0,111.1,New Mexico State,Cameroon,2016,1,27,203.2
1626192,Pat Connaughton,33.0,94.8,Notre Dame,USA,2015,2,41,195.6
1630311,Pat Spencer,29.0,93.0,Northwestern,USA,Undrafted,Undrafted,Undrafted,188.0
1631116,Patrick Baldwin Jr.,23.0,99.8,Wisconsin-Milwaukee,USA,2022,1,28,213.4
1630172,Patrick Williams,24.0,106.6,Florida State,USA,2020,1,4,198.1
202331,Paul George,36.0,104.3,Fresno State,USA,2010,1,10,203.2
1630194,Paul Reed,27.0,95.3,DePaul,USA,2020,2,58,205.7
1630202,Payton Pritchard,28.0,88.5,Oregon,USA,2020,1,26,185.4
1642362,Payton Sandfort,23.0,97.5,Iowa,USA,Undrafted,Undrafted,Undrafted,200.7
1641796,Pelle Larsson,25.0,97.5,Arizona,Sweden,2024,2,44,195.6
1631250,Pete Nance,26.0,102.1,Northwestern,USA,Undrafted,Undrafted,Undrafted,205.7
1631212,Peyton Watson,23.0,90.7,UCLA,USA,2022,1,30,203.2
1630173,Precious Achiuwa,26.0,110.2,Memphis,Nigeria,2020,1,20,203.2
1629656,Quentin Grimes,26.0,93.9,Houston,USA,2021,1,25,195.6
1631245,Quenton Jackson,27.0,78.5,Texas A&M,USA,Undrafted,Undrafted,Undrafted,193.0
1642366,Quinten Post,26.0,108.0,Boston College,Netherlands,2024,2,52,213.4
1629628,RJ Barrett,26.0,97.1,Duke,Canada,2019,1,3,198.1
1642853,Rasheer Fleming,21.0,108.9,St. Joseph's (PA),USA,2025,2,31,205.7
1642484,RayJ Dennis,25.0,81.6,Baylor,USA,Undrafted,Undrafted,Undrafted,185.4
1641712,Rayan Rupert,22.0,93.0,None,France,2023,2,43,200.7
1642263,Reed Sheppard,22.0,83.9,Kentucky,USA,2024,1,3,188.0
1642434,Riley Minix,25.0,104.3,Morehead State,USA,Undrafted,Undrafted,Undrafted,200.7
1642265,Rob Dillingham,21.0,79.4,Kentucky,USA,2024,1,8,188.0
1629057,Robert Williams III,28.0,112.9,Texas A&M,USA,2018,1,27,205.7
1642911,Rocco Zikarsky,19.0,103.0,None,Australia,2025,2,45,221.0
1631199,Ron Harper Jr.,26.0,105.7,Rutgers,USA,Undrafted,Undrafted,Undrafted,195.6
1641842,Ronald Holland II,20.0,93.4,None,USA,2024,1,5,203.2
1626220,Royce O'Neale,33.0,102.5,Baylor,USA,Undrafted,Undrafted,Undrafted,198.1
203497,Rudy Gobert,34.0,117.0,None,France,2013,1,27,215.9
1629060,Rui Hachimura,28.0,104.3,Gonzaga,Japan,2019,1,9,203.2
201566,Russell Westbrook,37.0,90.7,UCLA,USA,2008,1,4,193.0
1642346,Ryan Dunn,23.0,98.0,Virginia,USA,2024,1,28,200.7
1641750,Ryan Kalkbrenner,24.0,116.1,Creighton,USA,2025,2,34,215.9
1642948,Ryan Nembhard,23.0,81.6,Gonzaga,Canada,Undrafted,Undrafted,Undrafted,180.3
1631157,Ryan Rollins,23.0,81.6,Toledo,USA,2022,2,44,190.5
1630180,Saddiq Bey,27.0,97.5,Villanova,USA,2020,1,19,203.2
1630573,Sam Hauser,28.0,98.4,Virginia,USA,Undrafted,Undrafted,Undrafted,200.7
1630241,Sam Merrill,30.0,93.0,Utah State,USA,2020,2,60,193.0
1630572,Sandro Mamukelashvili,27.0,108.9,Seton Hall,Georgia,2021,2,54,205.7
1630583,Santi Aldama,25.0,97.5,Loyola-Maryland,Spain,2021,1,30,213.4
1630703,Scoot Henderson,22.0,93.9,None,USA,2023,1,3,190.5
1630567,Scottie Barnes,24.0,107.5,Florida State,USA,2021,1,4,203.2
1630590,Scotty Pippen Jr.,25.0,77.1,Vanderbilt,USA,Undrafted,Undrafted,Undrafted,188.0
1642951,Sean Pedulla,23.0,88.5,Mississippi,USA,Undrafted,Undrafted,Undrafted,185.4
203552,Seth Curry,35.0,83.9,Duke,USA,Undrafted,Undrafted,Undrafted,185.4
1631101,Shaedon Sharpe,23.0,95.3,Kentucky,Canada,2022,1,7,195.6
1628983,Shai Gilgeous-Alexander,27.0,88.5,Kentucky,Canada,2018,1,11,198.1
1630536,Sharife Cooper,25.0,79.8,Auburn,USA,2021,2,48,182.9
1631321,Sidy Cissoko,22.0,99.8,None,France,2023,2,44,198.1
1631323,Simone Fontecchio,30.0,94.8,None,Italy,Undrafted,Undrafted,Undrafted,200.7
1642883,Sion James,23.0,99.8,Duke,USA,2025,2,33,195.6
1627746,Skal Labissiere,30.0,106.6,Kentucky,Haiti,2016,1,28,208.3
1642461,Spencer Jones,25.0,102.1,Stanford,USA,Undrafted,Undrafted,Undrafted,200.7
1630649,Stanley Umude,27.0,95.3,Arkansas,USA,Undrafted,Undrafted,Undrafted,198.1
201939,Stephen Curry,38.0,83.9,Davidson,USA,2009,1,7,188.0
1642264,Stephon Castle,21.0,97.5,Connecticut,USA,2024,1,4,198.1
203500,Steven Adams,32.0,120.2,Pittsburgh,New Zealand,2013,1,12,210.8
1629004,Svi Mykhailiuk,29.0,93.0,Kansas,Ukraine,2018,2,47,200.7
204456,T.J. McConnell,34.0,86.2,Arizona,USA,2015,0,,185.4
1643007,Taelon Peter,24.0,83.9,Liberty,USA,2025,2,54,190.5
201959,Taj Gibson,41.0,105.2,Southern California,USA,2009,1,26,205.7
1631106,Tari Eason,25.0,97.5,Louisiana State,USA,2022,1,17,203.2
1627752,Taurean Prince,32.0,98.9,Baylor,USA,2016,1,12,198.1
1641707,Taylor Hendricks,22.0,97.5,Central Florida,USA,2023,1,9,205.7
1629611,Terance Mann,29.0,97.5,Florida State,USA,2019,2,48,198.1
1630545,Terrence Shannon Jr,25.0,97.5,Illinois,USA,2024,1,27,198.1
203648,Thanasis Antetokounmpo,33.0,99.3,None,Greece,2014,2,51,200.7
1628418,Thomas Bryant,28.0,112.5,Indiana,USA,2017,2,42,205.7
1642275,Tidjane Salaün,20.0,93.9,None,France,2024,1,6,208.3
203501,Tim Hardaway Jr.,34.0,93.0,Michigan,USA,2013,1,24,195.6
202699,Tobias Harris,33.0,102.5,Tennessee,USA,2011,1,19,203.2
1643253,Toby Okani,24.0,95.3,West Virginia,USA,Undrafted,Undrafted,Undrafted,203.2
1642449,Tolu Smith,25.0,,Mississippi State,USA,Undrafted,Undrafted,Undrafted,210.8
1628396,Tony Bradley,28.0,112.5,North Carolina,USA,2017,1,28,208.3
1641787,Tosan Evbuomwan,25.0,98.4,Princeton,United Kingdom,Undrafted,Undrafted,Undrafted,203.2
1641739,Toumani Camara,26.0,104.3,Dayton,Belgium,2023,2,52,200.7
1629027,Trae Young,27.0,74.4,Oklahoma,USA,2018,1,5,188.0
1631218,Trayce Jackson-Davis,26.0,111.1,Indiana,USA,2023,2,57,205.7
1642848,Tre Johnson,20.0,86.2,Texas,USA,2025,1,6,195.6
1630200,Tre Jones,26.0,86.2,Duke,USA,2020,2,41,185.4
1630544,Tre Mann,25.0,80.7,Florida,USA,2021,1,18,193.0
1630570,Trendon Watford,25.0,111.1,Louisiana State,USA,Undrafted,Undrafted,Undrafted,203.2
1642280,Trentyn Flowers,21.0,83.9,None,USA,Undrafted,Undrafted,Undrafted,205.7
1630286,Trevon Scott,29.0,102.1,Cincinnati,USA,Undrafted,Undrafted,Undrafted,203.2
1631211,Trevor Keels,22.0,97.5,Duke,USA,2022,2,42,190.5
1641725,Trey Alexander,23.0,83.9,Creighton,USA,Undrafted,Undrafted,Undrafted,195.6
1641998,Trey Jemison III,26.0,122.5,Alabama-Birmingham,USA,Undrafted,Undrafted,Undrafted,208.3
1630530,Trey Murphy III,26.0,93.4,Virginia,USA,2021,1,17,203.2
1642400,Tristan Enaruna,25.0,99.8,Cleveland State,Netherlands,Undrafted,Undrafted,Undrafted,200.7
1641774,Tristan Vukcevic,23.0,99.8,None,Italy,2023,2,42,213.4
1641783,Tristan da Silva,25.0,98.4,Colorado,Germany,2024,1,18,203.2
1641803,Tristen Newton,25.0,86.2,Connecticut,USA,2024,2,49,195.6
1629660,Ty Jerome,28.0,88.5,Virginia,USA,2019,1,24,195.6
1631102,TyTy Washington Jr.,24.0,88.5,Kentucky,USA,2022,1,29,190.5
1631174,Tyler Burton,26.0,97.5,Villanova,USA,Undrafted,Undrafted,Undrafted,200.7
1629639,Tyler Herro,26.0,88.5,Kentucky,USA,2019,1,13,195.6
1642278,Tyler Kolek,25.0,88.5,Marquette,USA,2024,2,34,188.0
1641890,Tyler Smith,21.0,101.6,None,USA,2024,2,33,205.7
1631213,Tyrese Martin,27.0,97.5,Connecticut,USA,2022,2,51,198.1
1630178,Tyrese Maxey,25.0,90.7,Kentucky,USA,2020,1,21,188.0
1642878,Tyrese Proctor,22.0,83.9,Duke,Australia,2025,2,49,193.0
1630623,Tyson Etienne,26.0,90.7,Wichita State,USA,Undrafted,Undrafted,Undrafted,182.9
1626145,Tyus Jones,30.0,88.9,Duke,USA,2015,1,24,182.9
1642845,VJ Edgecombe,20.0,86.2,Baylor,USA,2025,1,3,193.0
1641705,Victor Wembanyama,22.0,106.6,None,France,2023,1,1,223.5
1631246,Vince Williams Jr.,25.0,93.0,Va Commonwealth,USA,2022,2,47,193.0
1642884,Vladislav Goldin,25.0,113.4,Michigan,Russia,Undrafted,Undrafted,Undrafted,213.4
1630249,Vít Krejčí,26.0,88.5,None,Czech Republic,2020,2,37,203.2
1631117,Walker Kessler,24.0,111.1,Auburn,USA,2022,1,22,218.4
1642383,Walter Clayton Jr.,23.0,88.5,Florida,USA,2025,1,18,193.0
1628976,Wendell Carter Jr.,27.0,122.5,Duke,USA,2018,1,7,208.3
1631111,Wendell Moore Jr.,24.0,97.5,Duke,USA,2022,1,26,195.6
1642954,Will Richard,23.0,93.4,Florida,USA,2025,2,56,190.5
1642860,Will Riley,20.0,81.6,Illinois-Urbana-Champaign,USA,2025,1,21,205.7
1630214,Xavier Tillman,27.0,111.1,Michigan State,USA,2020,2,35,203.2
1642905,Yang Hansen,21.0,122.5,None,China,2025,1,16,215.9
1642949,Yanic Konan Niederhäuser,23.0,109.8,Penn State,Switzerland,2025,1,30,210.8
1642530,Yuki Kawamura,25.0,72.1,None,Japan,Undrafted,Undrafted,Undrafted,170.2
1642274,Yves Missi,22.0,106.6,Baylor,Cameroon,2024,1,21,210.8
1642258,Zaccharie Risacher,21.0,90.7,None,France,2024,1,1,203.2
1628380,Zach Collins,28.0,108.9,Gonzaga,USA,2017,1,10,205.7
1641744,Zach Edey,24.0,138.3,Purdue,Canada,2024,1,9,221.0
203897,Zach LaVine,31.0,90.7,UCLA,USA,2014,1,13,195.6
1630192,Zeke Nnaji,25.0,108.9,Arizona,USA,2020,1,22,208.3
1630533,Ziaire Williams,24.0,83.9,Stanford,USA,2021,1,10,205.7
1629627,Zion Williamson,25.0,128.8,Duke,USA,2019,1,1,198.1
1642389,Zyon Pullin,25.0,93.4,Florida,USA,Undrafted,Undrafted,Undrafted,193.0
