player_id,team_id,gp,pts,reb,ast,net_rating,oreb_pct,dreb_pct,usg_pct,ts_pct,ast_pct,season
1630639,1610612761,24,4.2,1.8,0.3,-3.1,0.039,0.156,0.172,0.588,0.046,2025-26
1631260,1610612749,78,10.4,2.7,1.9,-3.6,0.013,0.08,0.135,0.627,0.09,2025-26
1642358,1610612742,48,3.3,1.1,1.0,-6.4,0.027,0.089,0.195,0.413,0.151,2025-26
203932,1610612743,36,16.2,5.8,2.7,12.7,0.052,0.148,0.213,0.62,0.13,2025-26
1628988,1610612745,57,5.5,1.0,1.1,8.3,0.016,0.054,0.159,0.578,0.105,2025-26
1630174,1610612754,45,13.8,4.2,1.9,-7.3,0.034,0.102,0.19,0.554,0.091,2025-26
1630598,1610612760,65,9.4,3.1,1.7,6.2,0.028,0.101,0.194,0.538,0.11,2025-26
1642846,1610612762,72,13.8,4.2,1.8,-10.7,0.048,0.097,0.21,0.533,0.098,2025-26
1642380,1610612763,8,10.4,3.1,2.4,-30.3,0.022,0.08,0.134,0.573,0.119,2025-26
1641737,1610612755,71,4.8,4.3,0.5,0.3,0.099,0.138,0.108,0.638,0.034,2025-26
1642876,1610612747,25,1.9,1.1,0.4,-13.2,0.068,0.139,0.143,0.578,0.094,2025-26
1642349,1610612760,57,13.6,3.3,3.6,15.6,0.027,0.093,0.21,0.585,0.194,2025-26
201143,1610612744,45,8.3,4.9,2.6,-0.9,0.043,0.184,0.163,0.554,0.171,2025-26
1630828,1610612749,6,3.2,1.0,0.2,12.8,0.083,0.138,0.314,0.651,0.083,2025-26
1627936,1610612760,56,6.2,2.8,2.0,17.6,0.028,0.113,0.152,0.54,0.145,2025-26
1631457,1610612753,4,2.0,0.8,1.0,16.3,0.043,0.111,0.203,0.508,0.19,2025-26
1642259,1610612764,48,16.3,7.4,2.7,-12.4,0.073,0.179,0.252,0.544,0.161,2025-26
1642918,1610612761,23,2.2,0.9,0.5,-5.8,0.053,0.086,0.185,0.437,0.129,2025-26
1631214,1610612764,4,11.0,6.3,3.0,15.6,0.054,0.192,0.141,0.745,0.14,2025-26
1630578,1610612745,72,20.4,8.9,6.2,3.4,0.089,0.177,0.259,0.569,0.282,2025-26
1642873,1610612738,22,1.4,1.8,0.5,-17.4,0.054,0.187,0.103,0.573,0.116,2025-26
1641708,1610612745,79,18.3,7.8,5.3,6.6,0.078,0.123,0.195,0.594,0.202,2025-26
1629599,1610612756,46,3.2,1.2,0.6,-2.2,0.039,0.073,0.117,0.594,0.076,2025-26
1643158,1610612762,5,5.2,8.4,2.8,-9.8,0.089,0.15,0.094,0.394,0.107,2025-26
203083,1610612755,63,6.4,8.4,1.3,-3.2,0.145,0.264,0.143,0.539,0.09,2025-26
1641748,1610612749,48,2.4,1.5,0.9,-7.5,0.059,0.126,0.17,0.425,0.16,2025-26
1629614,1610612754,57,16.9,2.8,7.7,-10.0,0.013,0.075,0.233,0.564,0.37,2025-26
203952,1610612748,68,15.4,4.8,2.7,-0.1,0.051,0.098,0.194,0.586,0.123,2025-26
1629014,1610612741,55,14.3,2.5,2.4,3.0,0.021,0.075,0.227,0.576,0.151,2025-26
1641710,1610612753,64,15.0,3.8,3.7,0.2,0.024,0.101,0.219,0.549,0.185,2025-26
203076,1610612764,20,20.4,11.1,2.8,-4.6,0.099,0.24,0.272,0.551,0.14,2025-26
1630162,1610612750,61,28.8,5.0,3.7,3.5,0.017,0.12,0.309,0.617,0.174,2025-26
1630264,1610612764,55,5.8,2.9,1.3,-14.4,0.059,0.112,0.116,0.682,0.101,2025-26
1641810,1610612766,10,2.7,0.8,0.3,19.7,0.029,0.1,0.133,0.675,0.068,2025-26
1630574,1610612752,54,2.2,2.9,0.5,3.1,0.104,0.192,0.104,0.619,0.08,2025-26
1642854,1610612737,44,5.2,2.2,0.6,-3.8,0.078,0.106,0.16,0.624,0.072,2025-26
1641709,1610612765,73,9.9,5.7,3.1,11.6,0.08,0.135,0.168,0.545,0.155,2025-26
1630559,1610612747,51,23.3,4.7,5.5,5.0,0.02,0.117,0.258,0.641,0.237,2025-26
1630245,1610612750,69,14.8,3.4,3.6,-1.5,0.024,0.093,0.197,0.63,0.202,2025-26
1628389,1610612748,73,20.1,10.0,3.2,6.1,0.059,0.236,0.248,0.551,0.142,2025-26
1631248,1610612738,77,5.5,3.5,1.5,7.3,0.038,0.138,0.117,0.616,0.108,2025-26
1642879,1610612751,44,7.5,2.1,3.3,-12.5,0.021,0.085,0.202,0.486,0.244,2025-26
1641767,1610612754,65,7.1,3.0,1.8,-8.8,0.028,0.106,0.131,0.561,0.112,2025-26
1631097,1610612746,54,17.6,5.4,2.4,-3.9,0.034,0.142,0.246,0.575,0.123,2025-26
1643016,1610612762,15,8.1,3.8,4.1,-13.2,0.032,0.078,0.106,0.55,0.158,2025-26
1641731,1610612764,56,11.7,4.3,2.6,-12.8,0.03,0.128,0.193,0.531,0.137,2025-26
202687,1610612759,25,0.9,1.0,0.2,-32.9,0.04,0.156,0.082,0.636,0.056,2025-26
1642396,1610612762,14,11.9,2.4,1.1,6.7,0.035,0.071,0.175,0.684,0.077,2025-26
1631104,1610612757,31,4.8,1.3,2.0,-8.6,0.02,0.087,0.189,0.511,0.254,2025-26
1626171,1610612749,67,13.7,6.4,1.6,-8.2,0.055,0.198,0.225,0.587,0.103,2025-26
1641752,1610612765,12,1.8,1.6,0.5,-4.3,0.056,0.179,0.18,0.388,0.128,2025-26
203992,1610612746,23,7.4,2.6,2.2,-4.4,0.014,0.112,0.185,0.525,0.184,2025-26
1630538,1610612750,71,8.5,1.8,2.6,5.2,0.018,0.085,0.197,0.599,0.222,2025-26
203078,1610612746,6,8.2,0.8,1.7,-9.3,0.019,0.025,0.224,0.476,0.106,2025-26
1642382,1610612760,42,5.8,3.0,0.7,-2.0,0.057,0.182,0.185,0.613,0.086,2025-26
1641764,1610612744,82,13.8,5.1,3.7,-0.1,0.029,0.147,0.196,0.583,0.198,2025-26
1629634,1610612763,2,4.0,3.0,0.5,-22.2,0.154,0.077,0.193,0.372,0.071,2025-26
1627742,1610612761,77,21.5,5.6,3.7,1.0,0.024,0.144,0.264,0.573,0.169,2025-26
1641706,1610612766,65,20.2,4.9,3.3,8.5,0.034,0.122,0.272,0.574,0.173,2025-26
1630314,1610612742,66,13.0,2.9,3.9,-4.4,0.019,0.105,0.242,0.572,0.256,2025-26
1641729,1610612762,75,14.9,3.1,1.9,-9.4,0.03,0.097,0.244,0.59,0.124,2025-26
1642355,1610612747,42,2.9,0.5,1.2,-8.0,0.014,0.05,0.163,0.517,0.195,2025-26
201572,1610612746,75,8.5,3.6,1.3,1.2,0.03,0.135,0.171,0.552,0.087,2025-26
1642964,1610612760,40,1.7,2.0,0.6,-14.5,0.049,0.159,0.103,0.451,0.094,2025-26
1628971,1610612743,82,7.9,3.9,2.1,-1.0,0.043,0.109,0.142,0.562,0.121,2025-26
1631121,1610612740,42,8.1,2.1,1.5,-3.6,0.013,0.082,0.136,0.61,0.091,2025-26
1642267,1610612764,82,10.7,3.4,4.6,-15.3,0.013,0.104,0.174,0.556,0.231,2025-26
1631205,1610612760,4,1.5,0.0,0.0,12.0,0.0,0.0,0.158,0.5,0.0,2025-26
1627741,1610612737,51,7.6,2.3,1.4,-4.9,0.032,0.106,0.192,0.568,0.129,2025-26
1643047,1610612756,4,3.0,1.3,0.5,17.6,0.053,0.081,0.107,0.545,0.053,2025-26
203468,1610612737,76,18.7,3.3,3.9,1.5,0.025,0.077,0.247,0.566,0.194,2025-26
1630595,1610612765,64,23.9,5.5,9.9,11.4,0.025,0.132,0.296,0.564,0.43,2025-26
1631216,1610612737,18,2.3,0.6,0.2,-0.6,0.066,0.081,0.168,0.769,0.083,2025-26
1631126,1610612757,49,10.4,2.3,2.5,-6.3,0.023,0.083,0.228,0.497,0.187,2025-26
1628997,1610612742,58,3.9,2.5,1.4,-9.2,0.03,0.125,0.122,0.526,0.131,2025-26
1642353,1610612746,55,2.8,1.4,0.6,-0.6,0.044,0.118,0.168,0.484,0.097,2025-26
1642285,1610612763,72,11.1,2.5,5.6,-3.6,0.022,0.082,0.166,0.649,0.332,2025-26
1630560,1610612749,42,13.5,1.7,2.6,-12.1,0.012,0.071,0.295,0.53,0.208,2025-26
1641715,1610612764,21,9.2,2.8,0.7,-19.6,0.049,0.102,0.225,0.528,0.067,2025-26
1629661,1610612743,54,12.2,3.8,2.4,9.5,0.027,0.095,0.144,0.629,0.098,2025-26
1626166,1610612755,22,7.4,2.0,2.6,-8.1,0.007,0.103,0.183,0.514,0.22,2025-26
1627747,1610612765,60,7.4,2.0,2.7,0.8,0.018,0.074,0.178,0.518,0.202,2025-26
1642868,1610612759,71,4.2,2.5,0.7,0.8,0.044,0.154,0.158,0.526,0.08,2025-26
1641717,1610612760,77,8.6,3.1,2.6,12.4,0.031,0.079,0.141,0.538,0.127,2025-26
1642907,1610612763,62,13.6,5.9,2.8,0.3,0.05,0.16,0.207,0.585,0.154,2025-26
1643052,1610612751,17,8.2,4.6,2.1,-9.0,0.096,0.146,0.16,0.635,0.165,2025-26
1629646,1610612744,13,5.8,4.4,0.5,-13.0,0.139,0.236,0.161,0.681,0.078,2025-26
1642404,1610612765,34,2.4,0.7,0.5,2.0,0.029,0.055,0.147,0.436,0.085,2025-26
1631096,1610612760,69,17.1,8.9,1.7,16.1,0.067,0.221,0.214,0.653,0.082,2025-26
1628449,1610612738,9,2.3,2.0,0.3,4.4,0.019,0.151,0.128,0.392,0.042,2025-26
1641753,1610612739,3,3.0,1.0,0.3,27.0,0.0,0.176,0.189,0.605,0.091,2025-26
1643024,1610612747,9,0.8,1.1,0.3,-3.3,0.043,0.14,0.081,0.451,0.091,2025-26
101108,1610612746,16,2.9,1.8,3.3,-17.3,0.026,0.101,0.135,0.413,0.351,2025-26
1642959,1610612757,34,2.1,0.8,0.4,2.3,0.039,0.095,0.162,0.527,0.092,2025-26
1631128,1610612743,44,12.0,4.8,2.7,10.1,0.046,0.101,0.142,0.607,0.108,2025-26
1631132,1610612737,27,2.7,3.0,0.7,-1.3,0.08,0.125,0.109,0.453,0.064,2025-26
1642935,1610612761,2,0.0,0.5,1.0,-47.6,0.0,0.067,0.219,0.0,0.286,2025-26
203991,1610612745,75,3.8,4.6,0.7,8.0,0.158,0.181,0.133,0.54,0.072,2025-26
1629632,1610612766,50,17.4,3.4,4.0,3.2,0.013,0.113,0.283,0.595,0.242,2025-26
1628998,1610612754,4,1.8,3.5,0.5,-20.2,0.013,0.183,0.119,0.277,0.065,2025-26
1642262,1610612762,67,8.8,3.0,2.0,-10.6,0.036,0.084,0.159,0.524,0.111,2025-26
1641732,1610612765,1,2.0,4.0,2.0,80.0,0.0,0.4,0.158,0.333,0.333,2025-26
1630175,1610612749,35,6.7,2.5,3.5,-9.7,0.029,0.126,0.244,0.483,0.354,2025-26
1630658,1610612753,4,1.3,2.0,0.3,14.0,0.105,0.333,0.14,0.46,0.053,2025-26
1631221,1610612756,80,12.7,4.1,4.6,3.7,0.036,0.107,0.181,0.575,0.228,2025-26
1642867,1610612761,57,8.5,5.0,1.9,2.6,0.102,0.121,0.15,0.621,0.122,2025-26
1629012,1610612741,68,15.4,2.3,3.3,-3.0,0.024,0.065,0.248,0.615,0.217,2025-26
1642843,1610612742,70,21.0,6.7,4.5,-5.2,0.035,0.151,0.264,0.548,0.212,2025-26
1630557,1610612737,58,9.2,2.3,1.6,-7.0,0.022,0.091,0.179,0.609,0.121,2025-26
1642504,1610612749,11,14.3,2.5,1.7,-3.1,0.032,0.078,0.206,0.692,0.11,2025-26
1641854,1610612739,64,4.5,3.4,3.2,4.6,0.07,0.115,0.119,0.524,0.225,2025-26
1642938,1610612743,10,2.9,1.1,1.0,13.6,0.022,0.077,0.142,0.52,0.147,2025-26
1626156,1610612764,26,10.2,2.3,4.0,-3.4,0.016,0.092,0.261,0.511,0.328,2025-26
1629610,1610612758,3,10.3,1.7,0.3,0.8,0.042,0.038,0.141,0.731,0.025,2025-26
1641747,1610612743,25,3.7,1.4,0.6,-3.0,0.04,0.113,0.171,0.692,0.125,2025-26
1631342,1610612758,32,10.8,3.0,1.3,-10.9,0.037,0.08,0.157,0.572,0.065,2025-26
1630625,1610612738,6,2.0,0.8,1.8,-4.3,0.034,0.043,0.152,0.436,0.268,2025-26
1631207,1610612755,48,3.7,1.8,1.4,-2.9,0.041,0.099,0.139,0.523,0.167,2025-26
1642261,1610612747,54,4.2,1.4,0.4,-8.5,0.026,0.108,0.171,0.568,0.059,2025-26
1629655,1610612742,55,9.5,6.9,1.1,-7.1,0.108,0.181,0.151,0.677,0.071,2025-26
1642450,1610612765,72,9.3,2.3,3.9,6.6,0.034,0.077,0.209,0.525,0.27,2025-26
1642874,1610612751,57,8.9,4.9,2.2,-9.0,0.046,0.195,0.201,0.521,0.178,2025-26
203967,1610612758,5,1.0,1.2,0.4,0.0,0.03,0.114,0.1,0.363,0.061,2025-26
1641727,1610612763,6,16.3,4.0,1.5,-24.1,0.009,0.12,0.231,0.51,0.078,2025-26
1642468,1610612739,1,0.0,1.0,0.0,-80.0,0.0,1.0,0.167,0.0,0.0,2025-26
1629636,1610612746,45,18.8,2.4,6.7,2.6,0.013,0.063,0.266,0.582,0.322,2025-26
1642357,1610612759,11,2.9,1.2,1.6,23.1,0.06,0.143,0.18,0.579,0.316,2025-26
1631223,1610612743,5,8.0,4.0,0.8,3.1,0.105,0.126,0.191,0.605,0.078,2025-26
1630558,1610612748,70,9.3,2.7,6.5,4.2,0.015,0.072,0.137,0.582,0.285,2025-26
1630549,1610612751,62,8.7,6.7,2.3,-4.3,0.143,0.222,0.19,0.638,0.207,2025-26
1628368,1610612759,72,18.6,3.8,6.2,9.9,0.018,0.092,0.242,0.578,0.286,2025-26
1629631,1610612758,45,13.7,4.1,2.0,-0.9,0.023,0.127,0.218,0.545,0.11,2025-26
1629001,1610612744,49,12.3,3.2,2.6,3.9,0.033,0.108,0.244,0.518,0.164,2025-26
201599,1610612740,12,4.4,6.3,0.9,-2.4,0.124,0.234,0.098,0.671,0.077,2025-26
1630610,1610612763,11,8.0,4.6,3.3,-23.0,0.046,0.174,0.211,0.473,0.265,2025-26
201942,1610612758,77,18.4,2.9,4.1,-11.7,0.015,0.081,0.222,0.594,0.196,2025-26
1629731,1610612739,59,5.8,4.2,1.5,6.2,0.039,0.139,0.097,0.58,0.082,2025-26
1629028,1610612747,72,12.5,8.0,0.8,0.1,0.103,0.2,0.164,0.676,0.044,2025-26
1627749,1610612740,14,16.7,5.4,6.4,1.3,0.011,0.188,0.267,0.58,0.336,2025-26
1630166,1610612757,66,24.2,6.9,6.7,0.3,0.031,0.167,0.285,0.6,0.316,2025-26
203471,1610612739,70,10.8,2.7,4.9,-6.2,0.019,0.089,0.21,0.526,0.294,2025-26
1641726,1610612742,7,4.3,5.3,1.9,6.3,0.117,0.183,0.113,0.67,0.153,2025-26
1642852,1610612740,81,11.7,7.1,3.7,-6.7,0.065,0.207,0.214,0.546,0.208,2025-26
1627884,1610612746,50,10.1,3.5,1.4,4.0,0.047,0.082,0.144,0.6,0.068,2025-26
1628401,1610612738,77,16.5,4.4,5.4,11.3,0.032,0.09,0.216,0.529,0.221,2025-26
1630217,1610612753,82,20.1,4.1,4.1,2.2,0.034,0.084,0.224,0.607,0.19,2025-26
1626164,1610612756,64,26.1,3.9,6.0,3.9,0.021,0.091,0.307,0.585,0.293,2025-26
1642269,1610612758,38,8.9,3.3,2.7,-7.3,0.048,0.13,0.226,0.508,0.209,2025-26
1630170,1610612759,67,13.9,4.0,2.5,11.4,0.019,0.102,0.176,0.574,0.107,2025-26
1628415,1610612756,56,20.2,3.6,1.8,-1.1,0.024,0.094,0.279,0.54,0.095,2025-26
1641794,1610612752,7,1.3,1.0,0.6,4.2,0.05,0.135,0.111,0.418,0.108,2025-26
1627734,1610612758,19,15.8,11.4,4.1,-13.9,0.108,0.283,0.223,0.59,0.209,2025-26
1631230,1610612755,71,7.7,4.8,1.2,0.8,0.075,0.118,0.125,0.597,0.069,2025-26
1642270,1610612757,77,12.1,11.6,2.1,0.1,0.149,0.254,0.163,0.604,0.112,2025-26
1628378,1610612739,70,27.9,4.5,5.7,7.2,0.021,0.108,0.311,0.613,0.266,2025-26
1628978,1610612750,82,12.2,4.1,3.8,6.2,0.026,0.1,0.164,0.567,0.164,2025-26
1627827,1610612745,37,3.3,2.5,1.0,1.8,0.054,0.087,0.104,0.452,0.078,2025-26
203926,1610612758,29,5.7,1.3,0.8,-11.1,0.014,0.068,0.146,0.574,0.073,2025-26
1642962,1610612751,63,6.5,1.8,1.4,-16.1,0.016,0.07,0.149,0.521,0.113,2025-26
203110,1610612744,68,8.4,5.5,5.5,-4.3,0.029,0.168,0.158,0.54,0.278,2025-26
1629234,1610612758,42,5.2,3.0,0.5,-11.4,0.069,0.154,0.161,0.605,0.052,2025-26
1641809,1610612766,6,0.8,1.5,0.3,-7.6,0.041,0.107,0.108,0.148,0.044,2025-26
1631166,1610612747,27,3.4,1.2,0.9,-6.9,0.047,0.093,0.155,0.658,0.145,2025-26
1630696,1610612748,70,5.6,2.5,2.6,-3.2,0.047,0.085,0.142,0.532,0.214,2025-26
1629130,1610612765,77,12.2,2.7,2.1,11.3,0.014,0.08,0.152,0.629,0.094,2025-26
1641871,1610612757,32,2.9,1.2,0.3,-6.4,0.037,0.095,0.13,0.613,0.059,2025-26
203939,1610612742,63,3.3,4.1,1.1,-0.5,0.101,0.17,0.084,0.699,0.095,2025-26
1642928,1610612758,44,5.4,7.5,1.4,-2.5,0.148,0.202,0.108,0.591,0.095,2025-26
1642844,1610612759,69,11.8,3.4,3.9,9.5,0.033,0.106,0.211,0.574,0.246,2025-26
1630700,1610612737,76,11.9,6.8,5.9,6.2,0.071,0.129,0.157,0.542,0.23,2025-26
1630604,1610612751,26,5.7,2.7,0.9,-6.5,0.039,0.174,0.168,0.6,0.114,2025-26
1642856,1610612751,52,10.3,3.2,3.3,-5.9,0.015,0.116,0.182,0.561,0.199,2025-26
1641989,1610612762,26,6.8,2.0,2.9,-2.5,0.018,0.077,0.162,0.471,0.177,2025-26
1641801,1610612759,5,3.0,0.6,0.8,-28.0,0.026,0.083,0.169,0.54,0.211,2025-26
1642402,1610612750,4,3.3,2.5,0.5,24.2,0.053,0.174,0.113,0.666,0.057,2025-26
201569,1610612755,6,5.5,0.3,0.5,-17.6,0.013,0.014,0.137,0.754,0.063,2025-26
1630679,1610612754,32,7.0,2.2,1.8,-0.1,0.025,0.078,0.154,0.515,0.122,2025-26
1630596,1610612739,65,18.2,9.0,3.6,5.7,0.073,0.196,0.221,0.596,0.168,2025-26
1630532,1610612753,34,20.6,5.2,3.3,3.6,0.041,0.128,0.256,0.588,0.175,2025-26
1641713,1610612763,55,12.5,4.3,1.5,-3.5,0.04,0.154,0.23,0.591,0.103,2025-26
1629216,1610612737,53,4.4,1.0,1.4,1.3,0.02,0.041,0.119,0.511,0.109,2025-26
202066,1610612761,22,0.8,0.4,0.4,-1.8,0.016,0.108,0.152,0.448,0.205,2025-26
1629726,1610612754,15,5.2,1.1,0.7,-0.7,0.01,0.076,0.134,0.628,0.069,2025-26
203914,1610612749,48,2.7,1.3,1.1,-9.6,0.025,0.072,0.082,0.593,0.105,2025-26
1627780,1610612744,73,7.5,3.6,1.7,-2.3,0.084,0.143,0.177,0.632,0.164,2025-26
1629018,1610612749,65,8.1,1.0,1.2,-12.4,0.006,0.044,0.167,0.533,0.082,2025-26
203507,1610612749,36,27.6,9.8,5.4,4.4,0.098,0.233,0.358,0.658,0.344,2025-26
1629048,1610612753,64,5.9,5.0,1.3,1.6,0.131,0.183,0.128,0.7,0.124,2025-26
1641711,1610612761,76,6.0,1.9,0.7,4.1,0.038,0.095,0.176,0.538,0.066,2025-26
1641761,1610612751,4,4.3,1.5,1.3,-9.9,0.029,0.167,0.222,0.634,0.217,2025-26
1629684,1610612766,36,7.0,3.9,1.6,12.9,0.06,0.127,0.132,0.609,0.106,2025-26
1628960,1610612756,51,16.5,3.0,3.8,0.1,0.023,0.081,0.231,0.568,0.206,2025-26
1627824,1610612741,67,5.6,3.5,0.9,-7.9,0.052,0.17,0.155,0.543,0.087,2025-26
1630611,1610612744,68,9.2,3.9,2.3,1.0,0.052,0.138,0.181,0.609,0.168,2025-26
203084,1610612759,77,9.9,2.8,1.9,7.8,0.03,0.071,0.144,0.608,0.097,2025-26
1631127,1610612759,7,1.6,0.4,0.1,-12.6,0.125,0.0,0.104,0.917,0.048,2025-26
1643060,1610612762,1,6.0,0.0,1.0,-29.0,0.0,0.0,0.079,0.773,0.05,2025-26
1629312,1610612756,7,5.4,1.9,1.0,1.7,0.062,0.084,0.121,0.729,0.119,2025-26
1630529,1610612740,56,8.9,3.4,2.8,-0.9,0.029,0.09,0.153,0.491,0.13,2025-26
1642864,1610612738,74,3.9,3.3,0.5,11.9,0.055,0.158,0.114,0.561,0.047,2025-26
1630621,1610612740,5,2.4,1.0,0.4,-35.7,0.036,0.063,0.162,0.403,0.065,2025-26
1642282,1610612755,7,1.0,0.1,0.6,-22.8,0.0,0.034,0.169,0.595,0.235,2025-26
1641816,1610612743,21,2.2,1.7,0.8,-7.5,0.024,0.174,0.166,0.398,0.17,2025-26
1630193,1610612761,70,16.4,4.0,5.9,2.9,0.017,0.108,0.206,0.577,0.261,2025-26
1642403,1610612765,7,1.3,0.7,0.1,-37.9,0.053,0.088,0.119,0.514,0.048,2025-26
1630171,1610612741,63,9.3,2.7,1.6,-8.5,0.04,0.058,0.137,0.574,0.079,2025-26
1642268,1610612762,59,11.7,2.5,7.2,-13.2,0.013,0.085,0.204,0.567,0.404,2025-26
1642384,1610612745,14,2.0,1.1,0.4,-5.9,0.027,0.133,0.138,0.526,0.079,2025-26
1628392,1610612760,47,9.2,9.4,3.5,15.6,0.13,0.243,0.153,0.631,0.189,2025-26
1630543,1610612746,55,6.7,5.3,0.9,-2.9,0.12,0.19,0.152,0.653,0.083,2025-26
1630198,1610612760,71,11.1,2.5,1.3,11.7,0.022,0.09,0.178,0.657,0.089,2025-26
1630587,1610612756,36,1.8,1.7,0.6,1.1,0.05,0.116,0.094,0.469,0.078,2025-26
1641815,1610612758,3,3.3,1.0,3.3,-13.0,0.043,0.032,0.107,0.571,0.357,2025-26
1630191,1610612765,58,10.0,5.0,1.1,1.8,0.07,0.135,0.164,0.632,0.073,2025-26
1627826,1610612754,48,14.1,10.6,2.2,-2.4,0.117,0.234,0.186,0.622,0.11,2025-26
1631120,1610612745,28,2.5,1.2,1.3,2.6,0.014,0.131,0.153,0.477,0.219,2025-26
1629630,1610612763,20,19.5,3.3,8.1,-4.4,0.013,0.096,0.305,0.521,0.447,2025-26
1642266,1610612761,72,7.5,2.6,1.2,0.9,0.037,0.088,0.136,0.61,0.079,2025-26
1631095,1610612745,77,15.8,6.9,1.9,5.0,0.039,0.152,0.179,0.569,0.073,2025-26
1631133,1610612755,64,4.3,3.0,0.5,0.0,0.087,0.156,0.142,0.568,0.061,2025-26
1631210,1610612737,5,1.6,0.2,0.2,31.3,0.0,0.067,0.14,0.667,0.091,2025-26
1630702,1610612764,57,9.2,1.5,1.0,-4.4,0.017,0.078,0.239,0.566,0.095,2025-26
1631093,1610612741,37,8.5,2.5,1.8,2.1,0.034,0.096,0.192,0.571,0.145,2025-26
1630183,1610612750,73,14.8,4.2,2.7,3.1,0.033,0.094,0.182,0.611,0.121,2025-26
1630256,1610612745,46,2.8,1.6,0.5,-3.3,0.076,0.094,0.131,0.567,0.095,2025-26
1642942,1610612763,31,6.2,2.6,2.2,-14.5,0.031,0.086,0.156,0.456,0.141,2025-26
1642443,1610612748,14,1.8,0.3,0.6,5.6,0.028,0.031,0.178,0.483,0.18,2025-26
1643141,1610612746,8,0.1,0.4,0.1,-8.9,0.0,0.088,0.093,0.087,0.05,2025-26
1631170,1610612748,75,15.4,5.0,4.7,2.9,0.042,0.117,0.216,0.57,0.24,2025-26
1631222,1610612747,82,8.2,4.0,1.8,0.0,0.059,0.103,0.138,0.571,0.093,2025-26
1627751,1610612761,46,10.7,7.0,2.0,2.0,0.102,0.188,0.15,0.698,0.111,2025-26
1628973,1610612752,74,26.0,3.3,6.8,6.1,0.012,0.083,0.296,0.58,0.307,2025-26
1631105,1610612765,70,19.5,10.5,2.0,11.8,0.132,0.23,0.231,0.688,0.104,2025-26
1630224,1610612756,32,17.8,3.6,2.8,0.7,0.017,0.122,0.309,0.516,0.181,2025-26
1630552,1610612737,72,22.5,10.3,7.9,3.2,0.038,0.241,0.264,0.581,0.325,2025-26
1629618,1610612743,50,5.2,2.3,2.3,-0.4,0.022,0.107,0.148,0.541,0.208,2025-26
1641771,1610612754,13,7.3,4.4,2.8,-4.3,0.022,0.148,0.136,0.562,0.167,2025-26
1630188,1610612741,53,10.2,6.7,1.2,3.4,0.085,0.218,0.183,0.608,0.081,2025-26
1630591,1610612753,57,13.8,3.9,5.5,5.2,0.022,0.112,0.22,0.561,0.284,2025-26
1631114,1610612760,33,17.1,4.6,5.5,11.7,0.029,0.124,0.252,0.56,0.274,2025-26
1630592,1610612751,54,6.4,2.1,0.9,-10.9,0.019,0.122,0.177,0.536,0.098,2025-26
1631288,1610612753,40,5.4,2.0,0.7,4.5,0.055,0.109,0.159,0.624,0.085,2025-26
1627750,1610612743,75,25.4,4.4,7.1,6.8,0.013,0.109,0.269,0.622,0.298,2025-26
1642347,1610612761,82,6.6,1.7,5.4,5.8,0.014,0.064,0.149,0.491,0.306,2025-26
1631123,1610612756,46,5.7,1.8,1.8,1.4,0.026,0.1,0.184,0.523,0.191,2025-26
201935,1610612739,70,23.6,4.8,8.0,1.8,0.017,0.119,0.279,0.61,0.347,2025-26
1630164,1610612754,4,3.3,2.0,0.8,-9.5,0.074,0.049,0.114,0.597,0.075,2025-26
1642364,1610612764,50,7.4,3.9,1.3,-6.4,0.046,0.14,0.148,0.554,0.089,2025-26
1642419,1610612761,61,3.1,1.5,0.4,6.7,0.04,0.124,0.135,0.635,0.062,2025-26
1641716,1610612754,76,11.6,5.1,2.5,-11.1,0.023,0.17,0.2,0.543,0.143,2025-26
1642272,1610612760,67,8.3,2.0,1.3,4.6,0.019,0.092,0.198,0.551,0.111,2025-26
1628991,1610612762,48,19.4,5.7,2.0,-2.0,0.027,0.14,0.253,0.576,0.105,2025-26
1629020,1610612747,65,4.4,4.5,1.3,0.2,0.073,0.194,0.119,0.544,0.098,2025-26
1628386,1610612739,56,15.4,8.5,1.8,6.4,0.097,0.202,0.196,0.669,0.092,2025-26
1642859,1610612753,54,4.4,1.2,1.1,-0.8,0.034,0.074,0.162,0.574,0.145,2025-26
1642914,1610612763,41,9.7,3.1,3.7,-5.7,0.04,0.109,0.183,0.611,0.257,2025-26
1631451,1610612757,19,1.2,1.0,0.4,-28.6,0.033,0.163,0.205,0.275,0.127,2025-26
1629750,1610612765,82,6.9,2.8,0.7,7.6,0.042,0.112,0.143,0.607,0.052,2025-26
1629637,1610612747,66,7.5,4.1,0.9,2.4,0.083,0.139,0.124,0.758,0.071,2025-26
1630643,1610612754,82,9.5,4.0,1.5,-6.3,0.041,0.135,0.178,0.598,0.105,2025-26
1627759,1610612738,71,28.7,6.9,5.1,6.5,0.032,0.155,0.351,0.573,0.251,2025-26
1641740,1610612750,68,4.0,1.8,0.6,4.1,0.056,0.069,0.126,0.534,0.064,2025-26
1642377,1610612763,69,12.5,3.2,1.6,-4.4,0.031,0.086,0.189,0.559,0.085,2025-26
1631119,1610612760,65,7.2,5.5,2.4,11.5,0.025,0.225,0.153,0.597,0.169,2025-26
1642281,1610612739,66,13.2,5.1,2.2,3.6,0.064,0.118,0.189,0.608,0.115,2025-26
1643257,1610612757,5,2.0,1.0,0.0,-2.7,0.0,0.25,0.137,0.672,0.0,2025-26
1628369,1610612738,16,21.8,10.0,5.3,10.5,0.015,0.274,0.29,0.541,0.246,2025-26
201145,1610612745,30,2.2,0.8,0.3,-8.1,0.036,0.098,0.171,0.477,0.07,2025-26
203924,1610612757,57,18.6,3.5,2.1,-0.3,0.03,0.082,0.228,0.608,0.107,2025-26
1642847,1610612740,82,14.3,3.7,3.4,-6.4,0.026,0.109,0.245,0.525,0.195,2025-26
1630526,1610612742,22,4.6,4.7,0.7,-10.2,0.088,0.183,0.129,0.468,0.057,2025-26
1631110,1610612752,44,3.6,2.4,0.9,-3.9,0.076,0.149,0.141,0.563,0.124,2025-26
1630579,1610612749,67,5.0,5.5,1.6,-10.1,0.115,0.171,0.095,0.772,0.109,2025-26
1641724,1610612753,55,5.5,1.6,0.8,-5.5,0.03,0.096,0.166,0.561,0.095,2025-26
1628975,1610612753,53,6.4,1.7,1.6,-5.7,0.015,0.085,0.166,0.537,0.148,2025-26
202710,1610612744,38,20.0,5.6,4.9,7.3,0.073,0.101,0.226,0.646,0.24,2025-26
1642866,1610612750,40,3.9,2.3,0.3,2.3,0.141,0.135,0.156,0.683,0.052,2025-26
1629111,1610612737,68,10.6,5.7,1.7,-2.2,0.111,0.136,0.177,0.595,0.11,2025-26
204060,1610612750,27,1.5,0.7,1.3,-5.8,0.0,0.11,0.106,0.735,0.268,2025-26
203954,1610612755,38,26.9,7.7,3.9,5.8,0.063,0.169,0.336,0.605,0.209,2025-26
1628381,1610612746,69,13.6,5.3,1.0,-1.2,0.061,0.135,0.188,0.643,0.058,2025-26
1629723,1610612762,56,4.4,4.3,2.1,-5.9,0.059,0.14,0.09,0.568,0.136,2025-26
1642967,1610612742,13,8.8,2.3,0.8,-2.3,0.014,0.096,0.153,0.611,0.061,2025-26
1642910,1610612738,6,2.5,1.0,0.3,-1.8,0.0,0.12,0.157,0.476,0.083,2025-26
1641780,1610612755,11,0.9,1.5,0.4,-13.6,0.109,0.17,0.226,0.188,0.118,2025-26
1642277,1610612754,35,5.1,4.4,1.2,-4.6,0.049,0.191,0.125,0.547,0.085,2025-26
1630548,1610612750,21,2.0,0.8,0.3,-4.6,0.054,0.129,0.2,0.518,0.095,2025-26
202685,1610612743,65,8.7,5.1,1.2,-2.0,0.124,0.246,0.26,0.63,0.15,2025-26
1628371,1610612753,52,2.6,2.5,0.4,-1.3,0.071,0.165,0.119,0.498,0.062,2025-26
1630228,1610612737,36,12.2,5.6,2.3,4.1,0.056,0.182,0.226,0.557,0.148,2025-26
1642367,1610612761,40,1.5,1.7,0.6,-10.2,0.071,0.193,0.102,0.608,0.159,2025-26
203903,1610612752,72,8.6,1.8,1.3,3.7,0.047,0.049,0.203,0.548,0.11,2025-26
1630692,1610612756,70,8.7,4.9,2.2,3.3,0.08,0.134,0.167,0.525,0.136,2025-26
1641722,1610612740,51,5.1,1.7,0.8,-9.8,0.026,0.089,0.175,0.48,0.086,2025-26
1629162,1610612759,44,2.0,0.7,0.9,-11.5,0.024,0.093,0.143,0.542,0.199,2025-26
1641757,1610612746,60,10.0,3.0,2.3,-0.4,0.041,0.097,0.177,0.628,0.157,2025-26
1629673,1610612740,39,13.4,2.0,3.1,-7.9,0.009,0.067,0.235,0.53,0.185,2025-26
1641775,1610612738,68,5.4,4.0,0.8,5.1,0.069,0.146,0.114,0.623,0.059,2025-26
1630631,1610612752,69,7.4,2.5,3.4,1.3,0.018,0.1,0.167,0.543,0.244,2025-26
1630581,1610612741,54,17.0,8.3,9.1,-5.0,0.037,0.201,0.238,0.562,0.41,2025-26
1630182,1610612766,58,4.3,1.8,0.8,12.5,0.048,0.06,0.104,0.644,0.069,2025-26
1628404,1610612752,66,12.0,7.4,4.8,5.5,0.047,0.2,0.163,0.612,0.212,2025-26
1631169,1610612751,49,7.4,3.2,0.9,-0.1,0.055,0.128,0.162,0.653,0.083,2025-26
1642490,1610612740,3,8.3,7.7,1.3,3.2,0.117,0.136,0.09,0.636,0.05,2025-26
1629006,1610612745,78,4.5,2.6,0.9,5.6,0.059,0.085,0.112,0.544,0.065,2025-26
201950,1610612757,53,16.3,4.6,6.1,6.1,0.042,0.108,0.227,0.573,0.302,2025-26
1630577,1610612759,82,11.1,5.8,1.5,12.4,0.032,0.161,0.146,0.609,0.071,2025-26
1641763,1610612750,48,2.9,1.0,0.2,-2.9,0.053,0.054,0.134,0.534,0.032,2025-26
1642882,1610612764,13,11.8,10.5,1.8,-11.8,0.133,0.219,0.173,0.557,0.084,2025-26
1631124,1610612743,57,7.2,2.0,1.1,1.5,0.014,0.112,0.187,0.59,0.101,2025-26
203944,1610612750,79,21.1,6.7,5.0,4.0,0.05,0.146,0.258,0.585,0.227,2025-26
1630551,1610612764,69,8.7,5.6,1.2,-9.4,0.098,0.171,0.161,0.589,0.087,2025-26
1642348,1610612755,64,6.0,1.5,1.3,-3.4,0.025,0.07,0.154,0.572,0.114,2025-26
203994,1610612762,41,10.9,10.4,4.8,-7.9,0.089,0.279,0.186,0.548,0.261,2025-26
1642354,1610612743,20,4.6,1.9,2.2,0.0,0.034,0.112,0.21,0.426,0.246,2025-26
1642955,1610612764,3,8.3,3.3,2.7,4.0,0.016,0.136,0.114,0.722,0.138,2025-26
1642880,1610612754,37,4.4,1.6,3.2,-10.0,0.024,0.071,0.141,0.47,0.262,2025-26
1626157,1610612752,75,20.1,11.9,3.0,7.0,0.101,0.283,0.251,0.619,0.142,2025-26
1631255,1610612740,62,5.7,3.7,0.8,-4.4,0.074,0.155,0.128,0.696,0.079,2025-26
1642857,1610612748,53,6.2,2.6,2.6,3.0,0.04,0.096,0.129,0.614,0.178,2025-26
202695,1610612746,65,27.9,6.4,3.6,7.5,0.036,0.162,0.326,0.629,0.193,2025-26
1630811,1610612737,53,3.5,1.1,1.8,-8.6,0.005,0.097,0.161,0.52,0.264,2025-26
1631099,1610612758,23,14.0,5.7,1.7,-10.7,0.039,0.122,0.182,0.499,0.07,2025-26
1642276,1610612748,77,11.1,9.0,0.7,-1.0,0.113,0.247,0.174,0.616,0.046,2025-26
1629640,1610612759,82,13.2,5.4,1.4,7.8,0.067,0.143,0.201,0.613,0.085,2025-26
203482,1610612759,42,3.2,1.8,1.2,-6.9,0.063,0.138,0.16,0.59,0.203,2025-26
1626162,1610612755,50,14.1,5.0,1.6,-1.9,0.031,0.121,0.179,0.58,0.073,2025-26
1631113,1610612762,11,15.0,3.4,6.7,-9.3,0.015,0.085,0.195,0.529,0.261,2025-26
1629026,1610612760,56,6.5,3.3,1.4,3.1,0.068,0.143,0.178,0.569,0.132,2025-26
203484,1610612763,51,8.4,2.5,2.7,-4.5,0.017,0.094,0.173,0.533,0.181,2025-26
1631165,1610612739,72,6.7,1.9,1.0,-4.8,0.025,0.066,0.129,0.579,0.067,2025-26
1642352,1610612748,32,4.3,1.9,0.3,13.0,0.08,0.12,0.171,0.582,0.036,2025-26
1642933,1610612737,4,4.3,1.3,3.0,-38.1,0.028,0.046,0.131,0.564,0.222,2025-26
201142,1610612745,78,26.0,5.5,4.8,5.5,0.014,0.131,0.263,0.641,0.203,2025-26
1628989,1610612765,69,10.0,3.5,2.6,2.3,0.021,0.125,0.184,0.552,0.161,2025-26
201567,1610612762,37,6.7,5.8,1.8,-6.7,0.083,0.256,0.161,0.568,0.145,2025-26
1641755,1610612752,21,2.4,1.3,1.0,-12.1,0.065,0.099,0.166,0.508,0.208,2025-26
1629645,1610612749,38,17.4,5.2,7.4,-4.7,0.027,0.123,0.236,0.567,0.336,2025-26
1626172,1610612740,21,2.8,5.6,1.6,-10.4,0.132,0.214,0.096,0.458,0.148,2025-26
1641718,1610612762,54,23.6,3.7,6.1,-8.6,0.012,0.096,0.275,0.609,0.286,2025-26
1642863,1610612756,46,3.0,2.9,0.1,2.5,0.107,0.198,0.142,0.586,0.021,2025-26
203114,1610612742,63,10.2,3.7,2.8,-11.1,0.033,0.118,0.198,0.533,0.171,2025-26
1630165,1610612758,23,5.5,2.3,3.5,-2.8,0.009,0.117,0.179,0.422,0.265,2025-26
202691,1610612742,69,11.7,2.1,1.4,-4.7,0.011,0.074,0.214,0.541,0.096,2025-26
1641738,1610612754,61,5.8,3.0,1.3,-10.5,0.072,0.119,0.154,0.594,0.123,2025-26
1641723,1610612747,16,2.9,0.8,0.6,-30.2,0.008,0.102,0.219,0.416,0.128,2025-26
1642920,1610612746,68,7.3,2.3,1.6,0.2,0.022,0.088,0.155,0.597,0.117,2025-26
1642886,1610612756,12,3.8,0.7,0.8,-4.2,0.012,0.088,0.203,0.61,0.189,2025-26
1642851,1610612766,81,18.5,5.3,3.4,6.2,0.036,0.128,0.216,0.633,0.158,2025-26
1627739,1610612746,82,7.3,3.3,3.6,0.5,0.028,0.097,0.122,0.581,0.179,2025-26
1631200,1610612757,57,5.8,3.6,1.4,1.5,0.062,0.084,0.103,0.55,0.082,2025-26
204001,1610612744,32,16.7,5.2,2.5,3.0,0.05,0.158,0.265,0.582,0.162,2025-26
203937,1610612750,43,6.2,3.5,2.9,-4.2,0.047,0.121,0.131,0.573,0.204,2025-26
1642271,1610612762,77,11.4,7.2,2.6,-6.6,0.076,0.225,0.197,0.586,0.156,2025-26
1628398,1610612749,69,13.0,4.5,2.7,-6.6,0.032,0.134,0.212,0.581,0.153,2025-26
200768,1610612755,14,1.2,0.6,0.8,-18.0,0.0,0.065,0.106,0.308,0.131,2025-26
1642273,1610612764,48,14.8,5.1,4.5,-11.5,0.028,0.135,0.222,0.559,0.226,2025-26
1643018,1610612744,18,8.2,1.6,1.0,-0.4,0.014,0.084,0.196,0.59,0.092,2025-26
1630163,1610612766,72,20.1,4.8,7.1,9.1,0.03,0.14,0.306,0.546,0.384,2025-26
1642950,1610612741,37,2.4,3.0,1.1,2.3,0.112,0.174,0.125,0.47,0.153,2025-26
1629013,1610612752,51,9.3,1.8,1.4,8.1,0.019,0.058,0.151,0.598,0.084,2025-26
1626204,1610612739,35,3.7,2.7,1.0,-2.9,0.058,0.143,0.137,0.505,0.105,2025-26
1628374,1610612762,42,26.7,6.9,2.1,-1.5,0.054,0.134,0.269,0.608,0.101,2025-26
1643133,1610612763,2,7.0,7.5,1.5,-0.1,0.105,0.188,0.106,0.574,0.07,2025-26
2544,1610612747,60,20.9,6.1,7.2,2.6,0.023,0.16,0.262,0.594,0.338,2025-26
1641778,1610612764,15,7.1,5.0,1.5,-9.9,0.032,0.14,0.113,0.498,0.064,2025-26
1631159,1610612741,46,7.8,3.9,0.9,-2.5,0.073,0.158,0.176,0.633,0.077,2025-26
1642862,1610612766,31,4.3,2.4,0.8,1.6,0.034,0.167,0.144,0.588,0.096,2025-26
1630322,1610612759,40,2.4,0.7,0.5,-1.6,0.01,0.087,0.141,0.532,0.09,2025-26
1628366,1610612739,35,4.6,4.0,3.9,1.3,0.032,0.148,0.13,0.432,0.236,2025-26
1631351,1610612763,7,10.4,5.4,2.6,-24.5,0.042,0.127,0.159,0.465,0.108,2025-26
1629652,1610612760,69,8.3,3.6,1.2,8.0,0.03,0.094,0.139,0.524,0.059,2025-26
1629029,1610612747,64,33.5,7.7,8.3,3.8,0.019,0.194,0.368,0.616,0.387,2025-26
1630568,1610612738,69,8.1,4.1,1.0,5.8,0.129,0.11,0.168,0.682,0.085,2025-26
1628379,1610612747,78,8.4,2.3,2.2,0.5,0.019,0.086,0.131,0.689,0.139,2025-26
1628436,1610612759,68,6.5,6.1,1.9,3.9,0.116,0.147,0.1,0.689,0.114,2025-26
1631247,1610612739,12,2.3,2.0,0.8,-13.2,0.069,0.133,0.161,0.35,0.123,2025-26
1630644,1610612741,11,6.1,0.9,0.9,-9.4,0.012,0.063,0.199,0.501,0.096,2025-26
1641869,1610612751,15,8.3,3.4,3.3,-13.2,0.032,0.123,0.136,0.605,0.204,2025-26
1631103,1610612764,28,4.6,1.6,0.8,-8.8,0.039,0.113,0.177,0.604,0.131,2025-26
1642502,1610612744,25,3.3,2.1,0.9,-10.6,0.106,0.089,0.137,0.516,0.117,2025-26
1628370,1610612758,62,12.5,1.9,3.0,-8.3,0.01,0.071,0.234,0.568,0.208,2025-26
1630699,1610612755,14,6.8,2.3,1.1,-4.0,0.033,0.114,0.203,0.563,0.109,2025-26
1631204,1610612765,38,5.2,1.0,2.0,13.4,0.016,0.07,0.197,0.533,0.217,2025-26
203935,1610612747,62,9.3,2.8,3.0,6.8,0.022,0.077,0.151,0.543,0.133,2025-26
1641813,1610612749,7,3.1,0.3,0.3,21.4,0.053,0.045,0.344,0.666,0.125,2025-26
1631109,1610612756,60,11.7,8.0,1.0,-2.0,0.124,0.201,0.167,0.68,0.064,2025-26
1628365,1610612761,5,0.8,0.2,1.6,-40.2,0.0,0.025,0.163,0.182,0.308,2025-26
1628963,1610612742,60,10.5,6.1,1.4,-9.1,0.116,0.171,0.18,0.661,0.107,2025-26
203486,1610612759,20,1.6,2.7,1.0,-2.2,0.099,0.224,0.074,0.769,0.145,2025-26
1641824,1610612741,77,16.3,5.8,2.1,-6.3,0.033,0.152,0.223,0.586,0.103,2025-26
1629680,1610612757,30,5.8,2.0,0.9,9.0,0.033,0.087,0.144,0.6,0.079,2025-26
1631108,1610612742,77,12.3,3.2,2.0,-6.9,0.006,0.097,0.162,0.601,0.095,2025-26
1642917,1610612738,11,0.6,0.5,0.2,-7.6,0.07,0.083,0.128,0.394,0.087,2025-26
1629622,1610612739,12,11.2,5.4,2.0,0.3,0.031,0.18,0.17,0.609,0.113,2025-26
1628467,1610612747,43,2.0,2.0,0.6,3.1,0.084,0.107,0.092,0.509,0.075,2025-26
1642875,1610612758,74,12.5,7.5,1.4,-10.9,0.07,0.211,0.178,0.619,0.074,2025-26
1642877,1610612740,61,4.3,1.9,1.0,-4.1,0.046,0.073,0.135,0.455,0.089,2025-26
1630695,1610612754,47,9.7,5.0,1.5,-6.4,0.061,0.193,0.174,0.679,0.111,2025-26
1629008,1610612751,52,24.2,7.1,3.0,-6.6,0.04,0.188,0.292,0.595,0.165,2025-26
1628969,1610612752,82,14.4,3.8,3.7,6.0,0.029,0.085,0.17,0.587,0.158,2025-26
201144,1610612750,54,4.5,1.7,2.9,0.2,0.017,0.074,0.113,0.517,0.205,2025-26
1628970,1610612766,77,17.1,5.8,3.2,3.5,0.03,0.155,0.221,0.57,0.154,2025-26
1642939,1610612742,14,3.1,1.7,0.9,-5.1,0.032,0.127,0.144,0.484,0.133,2025-26
1630540,1610612752,41,12.0,2.4,2.6,9.5,0.02,0.068,0.174,0.578,0.136,2025-26
1629011,1610612752,60,5.7,8.8,0.9,7.8,0.201,0.227,0.102,0.676,0.058,2025-26
1628964,1610612762,4,2.5,5.5,0.3,-13.3,0.208,0.226,0.123,0.455,0.037,2025-26
1642885,1610612752,69,3.6,1.4,0.8,5.3,0.024,0.125,0.169,0.55,0.114,2025-26
1628420,1610612754,6,3.0,1.2,1.5,-20.9,0.012,0.08,0.141,0.414,0.29,2025-26
1629021,1610612753,36,6.9,3.2,0.8,-10.0,0.056,0.207,0.237,0.545,0.107,2025-26
1630541,1610612744,60,12.1,3.3,1.6,2.2,0.031,0.092,0.174,0.6,0.093,2025-26
1631338,1610612741,2,8.0,3.0,3.0,-17.3,0.039,0.078,0.138,0.627,0.162,2025-26
1631243,1610612737,77,4.4,3.6,0.9,2.3,0.071,0.151,0.12,0.539,0.076,2025-26
1630619,1610612742,38,4.5,5.7,0.2,0.5,0.15,0.215,0.136,0.564,0.023,2025-26
1631217,1610612766,73,7.9,8.7,1.9,10.5,0.139,0.191,0.112,0.653,0.099,2025-26
1626167,1610612749,71,11.9,5.3,1.5,-6.2,0.039,0.152,0.181,0.584,0.079,2025-26
1642066,1610612748,45,3.6,2.7,1.0,8.4,0.079,0.193,0.139,0.606,0.143,2025-26
1642368,1610612737,4,0.8,1.8,0.0,22.4,0.167,0.25,0.119,0.338,0.0,2025-26
1641772,1610612739,64,5.8,2.9,0.8,3.6,0.081,0.094,0.151,0.549,0.071,2025-26
1630230,1610612742,74,15.2,4.7,3.3,-4.6,0.028,0.12,0.2,0.592,0.162,2025-26
1631466,1610612744,14,8.0,2.1,1.0,-15.1,0.079,0.046,0.192,0.592,0.083,2025-26
1629675,1610612750,77,13.6,6.2,2.2,3.2,0.042,0.187,0.212,0.565,0.124,2025-26
1629674,1610612738,76,10.2,8.4,1.7,13.2,0.118,0.194,0.145,0.674,0.091,2025-26
1629651,1610612751,69,11.7,6.9,3.7,-12.9,0.084,0.167,0.175,0.592,0.216,2025-26
1630208,1610612741,48,5.8,5.1,0.3,-8.4,0.103,0.221,0.176,0.562,0.033,2025-26
1641733,1610612747,30,6.2,0.8,1.0,-1.1,0.009,0.054,0.212,0.552,0.127,2025-26
1629638,1610612737,78,20.8,3.4,3.7,4.0,0.019,0.079,0.23,0.61,0.155,2025-26
201587,1610612746,74,4.0,2.5,0.9,-0.5,0.018,0.119,0.092,0.603,0.069,2025-26
1628502,1610612756,27,1.3,1.2,0.3,-17.7,0.057,0.113,0.116,0.356,0.055,2025-26
203999,1610612743,65,27.7,12.9,10.7,10.8,0.089,0.27,0.289,0.67,0.458,2025-26
1631107,1610612748,47,7.3,3.3,2.2,-0.8,0.028,0.137,0.203,0.48,0.173,2025-26
1642260,1610612760,10,5.2,1.9,4.4,-13.7,0.041,0.075,0.204,0.489,0.383,2025-26
202696,1610612738,64,15.1,8.4,3.3,-1.7,0.067,0.211,0.213,0.574,0.175,2025-26
1642363,1610612758,75,8.6,3.8,2.4,-4.5,0.034,0.115,0.167,0.505,0.13,2025-26
1642855,1610612741,2,0.0,0.0,0.0,-111.4,0.0,0.0,0.188,0.0,0.0,2025-26
1641730,1610612751,66,12.3,4.1,1.6,-8.7,0.029,0.128,0.202,0.554,0.095,2025-26
1642869,1610612753,59,3.8,3.2,1.2,-3.0,0.081,0.159,0.14,0.506,0.124,2025-26
1642849,1610612751,56,8.9,1.8,3.8,-10.5,0.011,0.073,0.224,0.479,0.265,2025-26
1641807,1610612746,6,2.8,1.2,0.3,-54.8,0.129,0.2,0.18,0.751,0.182,2025-26
1626181,1610612748,58,21.7,3.5,2.5,0.6,0.012,0.097,0.262,0.609,0.123,2025-26
1628384,1610612752,67,16.7,5.2,2.2,9.2,0.039,0.116,0.194,0.62,0.09,2025-26
1630167,1610612754,24,11.6,4.4,2.3,-3.6,0.03,0.206,0.241,0.636,0.193,2025-26
1630534,1610612751,62,5.1,2.3,0.8,-2.7,0.046,0.096,0.142,0.525,0.07,2025-26
1630846,1610612739,4,3.5,2.8,1.3,26.5,0.069,0.196,0.108,0.761,0.143,2025-26
1641765,1610612763,53,10.0,3.5,1.0,-9.7,0.057,0.127,0.183,0.662,0.077,2025-26
1630209,1610612744,9,3.8,3.3,0.9,-5.7,0.133,0.167,0.167,0.501,0.103,2025-26
1630168,1610612737,74,15.2,7.6,3.1,2.1,0.058,0.178,0.189,0.592,0.14,2025-26
1631115,1610612753,4,1.8,1.0,0.8,-22.4,0.069,0.125,0.081,0.7,0.158,2025-26
1631131,1610612762,27,7.8,6.6,1.2,-8.0,0.151,0.224,0.162,0.633,0.101,2025-26
1642345,1610612756,82,6.5,5.1,2.3,5.1,0.071,0.158,0.12,0.636,0.139,2025-26
1631172,1610612749,57,7.6,3.2,2.4,-8.6,0.026,0.136,0.192,0.516,0.185,2025-26
1629023,1610612742,56,14.2,7.0,1.8,-7.3,0.045,0.162,0.194,0.537,0.082,2025-26
1641790,1610612766,19,4.5,3.9,0.5,-5.4,0.146,0.18,0.17,0.599,0.077,2025-26
1642359,1610612752,29,1.7,0.9,0.4,-1.7,0.027,0.156,0.167,0.454,0.13,2025-26
1631094,1610612753,72,22.2,8.4,5.2,-0.2,0.034,0.204,0.274,0.566,0.235,2025-26
1627783,1610612754,62,24.0,6.6,3.8,-5.6,0.041,0.151,0.292,0.562,0.19,2025-26
1626192,1610612766,42,2.6,1.5,0.4,-4.3,0.047,0.153,0.15,0.586,0.11,2025-26
1630311,1610612744,66,7.2,2.4,3.5,-3.4,0.041,0.091,0.185,0.516,0.27,2025-26
1631116,1610612758,9,3.7,2.6,0.6,-17.2,0.103,0.11,0.142,0.549,0.072,2025-26
1630172,1610612741,72,7.0,3.0,1.5,-11.0,0.03,0.106,0.159,0.494,0.101,2025-26
202331,1610612755,37,17.3,5.3,3.6,3.6,0.017,0.147,0.229,0.57,0.175,2025-26
1630194,1610612765,65,7.8,4.5,1.2,8.1,0.142,0.176,0.2,0.65,0.134,2025-26
1630202,1610612738,79,17.0,3.9,5.2,8.0,0.026,0.09,0.21,0.584,0.234,2025-26
1642362,1610612760,4,8.8,2.5,0.0,-14.0,0.014,0.145,0.186,0.63,0.0,2025-26
1641796,1610612748,70,11.4,3.5,3.4,2.4,0.035,0.088,0.165,0.605,0.163,2025-26
1631250,1610612749,47,5.4,2.7,1.0,-5.2,0.038,0.135,0.132,0.639,0.092,2025-26
1631212,1610612743,54,14.6,4.9,2.1,6.2,0.033,0.127,0.204,0.594,0.096,2025-26
1630173,1610612758,73,10.1,6.7,1.4,-7.2,0.098,0.18,0.172,0.558,0.082,2025-26
1629656,1610612755,75,13.4,3.6,3.3,-0.1,0.02,0.096,0.183,0.585,0.159,2025-26
1631245,1610612754,49,9.1,2.3,2.9,-3.8,0.03,0.092,0.2,0.589,0.227,2025-26
1642366,1610612744,67,7.7,4.0,1.4,2.3,0.057,0.165,0.183,0.56,0.116,2025-26
1629628,1610612761,57,19.3,5.3,3.3,4.9,0.033,0.141,0.254,0.585,0.157,2025-26
1642853,1610612756,55,4.3,2.3,0.3,6.1,0.08,0.099,0.159,0.517,0.033,2025-26
1642484,1610612737,17,4.4,1.5,1.9,-14.2,0.03,0.081,0.195,0.425,0.26,2025-26
1641712,1610612763,64,5.2,2.9,1.1,-13.6,0.04,0.129,0.148,0.493,0.093,2025-26
1642263,1610612745,82,13.5,2.9,3.4,4.3,0.012,0.092,0.21,0.564,0.183,2025-26
1642434,1610612739,9,3.9,0.7,0.6,20.8,0.042,0.066,0.176,0.72,0.104,2025-26
1642265,1610612741,65,6.3,2.0,2.2,-7.4,0.018,0.105,0.218,0.469,0.206,2025-26
1629057,1610612757,59,6.7,7.0,1.0,3.4,0.133,0.25,0.129,0.722,0.089,2025-26
1642911,1610612750,5,2.8,2.8,0.4,6.2,0.067,0.245,0.131,0.717,0.067,2025-26
1631199,1610612738,29,4.2,1.7,0.8,2.7,0.043,0.101,0.158,0.55,0.1,2025-26
1641842,1610612765,78,8.2,4.0,1.2,5.7,0.052,0.141,0.184,0.525,0.088,2025-26
1626220,1610612756,78,9.8,4.8,2.7,-3.6,0.025,0.139,0.139,0.596,0.129,2025-26
203497,1610612750,76,10.9,11.5,1.7,5.0,0.121,0.222,0.127,0.664,0.074,2025-26
1629060,1610612747,68,11.5,3.3,0.8,2.0,0.023,0.094,0.149,0.62,0.041,2025-26
201566,1610612758,64,15.2,5.4,6.7,-12.1,0.042,0.147,0.252,0.528,0.33,2025-26
1642346,1610612756,70,5.8,4.2,1.5,1.7,0.068,0.142,0.136,0.532,0.105,2025-26
1641750,1610612766,69,7.6,5.5,0.8,1.1,0.109,0.133,0.113,0.762,0.053,2025-26
1642948,1610612742,60,6.6,2.2,5.3,-1.9,0.011,0.095,0.173,0.492,0.353,2025-26
1631157,1610612749,74,17.3,4.6,5.6,-3.2,0.023,0.115,0.236,0.583,0.264,2025-26
1630180,1610612740,72,17.7,5.6,2.5,-3.6,0.051,0.12,0.213,0.579,0.12,2025-26
1630573,1610612738,78,9.2,3.8,1.5,8.8,0.028,0.118,0.141,0.59,0.077,2025-26
1630241,1610612739,52,12.8,2.6,2.4,7.7,0.02,0.072,0.167,0.644,0.119,2025-26
1630572,1610612761,80,11.2,4.9,1.9,5.3,0.06,0.163,0.181,0.637,0.123,2025-26
1630583,1610612763,43,14.0,6.7,2.9,-2.4,0.052,0.171,0.191,0.572,0.153,2025-26
1630703,1610612757,30,14.2,2.7,3.7,3.2,0.022,0.078,0.246,0.553,0.231,2025-26
1630567,1610612761,80,18.1,7.5,5.9,4.6,0.055,0.166,0.226,0.577,0.255,2025-26
1630590,1610612763,10,11.4,2.2,4.7,-11.5,0.035,0.065,0.255,0.537,0.324,2025-26
1642951,1610612746,7,1.9,0.4,0.7,-30.0,0.0,0.13,0.219,0.433,0.294,2025-26
203552,1610612744,10,7.1,1.2,1.0,-3.0,0.029,0.075,0.169,0.654,0.106,2025-26
1631101,1610612757,50,20.8,4.3,2.6,-1.3,0.032,0.104,0.293,0.546,0.151,2025-26
1628983,1610612760,68,31.1,4.3,6.6,16.3,0.017,0.1,0.323,0.665,0.332,2025-26
1630536,1610612764,41,8.1,2.1,3.0,-11.7,0.025,0.098,0.197,0.609,0.256,2025-26
1631321,1610612757,75,5.1,2.2,1.5,-1.7,0.041,0.071,0.123,0.514,0.107,2025-26
1631323,1610612748,70,8.5,3.0,1.4,3.3,0.042,0.118,0.184,0.579,0.121,2025-26
1642883,1610612766,82,5.4,3.5,2.0,3.3,0.026,0.124,0.109,0.531,0.121,2025-26
1627746,1610612764,3,4.3,3.0,1.0,4.0,0.07,0.146,0.117,0.65,0.115,2025-26
1642461,1610612743,64,5.5,3.3,0.8,1.6,0.055,0.09,0.097,0.619,0.047,2025-26
1630649,1610612759,2,1.0,0.0,0.5,-109.5,0.0,0.0,0.143,0.5,0.333,2025-26
201939,1610612744,43,26.6,3.6,4.7,2.8,0.013,0.1,0.308,0.637,0.245,2025-26
1642264,1610612759,68,16.7,5.3,7.4,9.8,0.047,0.119,0.243,0.575,0.344,2025-26
203500,1610612745,32,5.8,8.6,1.5,11.8,0.189,0.165,0.116,0.535,0.084,2025-26
1629004,1610612762,50,9.4,2.5,1.9,-3.0,0.029,0.074,0.143,0.626,0.107,2025-26
204456,1610612754,56,9.4,2.2,5.1,-7.6,0.022,0.104,0.227,0.567,0.469,2025-26
1643007,1610612754,38,4.5,1.6,1.1,-8.7,0.019,0.096,0.159,0.518,0.113,2025-26
201959,1610612763,10,3.4,2.7,0.6,-4.7,0.092,0.152,0.123,0.576,0.092,2025-26
1631106,1610612745,60,10.5,6.3,1.5,6.5,0.077,0.156,0.181,0.514,0.078,2025-26
1627752,1610612749,26,9.2,3.1,1.8,-3.8,0.007,0.125,0.157,0.617,0.102,2025-26
1641707,1610612763,59,7.4,3.7,0.9,-10.7,0.054,0.141,0.157,0.566,0.07,2025-26
1629611,1610612751,63,7.2,3.2,3.0,-8.2,0.044,0.089,0.133,0.564,0.182,2025-26
1630545,1610612750,43,5.6,1.1,0.9,-8.5,0.018,0.074,0.171,0.597,0.102,2025-26
203648,1610612749,34,1.4,0.9,0.4,3.1,0.071,0.125,0.154,0.52,0.172,2025-26
1628418,1610612739,60,6.2,3.4,0.6,3.6,0.074,0.184,0.182,0.625,0.067,2025-26
1642275,1610612766,37,6.0,4.0,0.7,2.1,0.044,0.205,0.147,0.629,0.071,2025-26
203501,1610612743,80,13.5,2.6,1.4,4.5,0.008,0.082,0.177,0.624,0.07,2025-26
202699,1610612765,63,13.3,5.1,2.5,10.0,0.03,0.145,0.181,0.574,0.12,2025-26
1643253,1610612763,6,10.0,3.5,1.0,-28.1,0.034,0.053,0.142,0.408,0.039,2025-26
1642449,1610612765,15,3.7,3.3,0.9,2.3,0.161,0.211,0.177,0.569,0.143,2025-26
1628396,1610612737,41,4.0,2.8,0.5,-14.2,0.111,0.133,0.136,0.596,0.077,2025-26
1641787,1610612766,5,0.0,0.4,0.0,-50.0,0.091,0.083,0.048,0.0,0.0,2025-26
1641739,1610612757,82,13.4,5.1,2.5,1.3,0.043,0.103,0.16,0.578,0.103,2025-26
1629027,1610612764,15,17.9,2.0,8.0,-8.1,0.009,0.067,0.262,0.612,0.44,2025-26
1631218,1610612761,53,3.4,2.7,0.7,-7.6,0.124,0.158,0.142,0.578,0.122,2025-26
1642848,1610612764,60,12.2,2.8,2.0,-11.2,0.018,0.093,0.22,0.535,0.122,2025-26
1630200,1610612741,65,14.1,3.1,5.4,-3.8,0.02,0.088,0.186,0.637,0.284,2025-26
1630544,1610612766,53,5.5,1.7,1.6,-10.1,0.028,0.114,0.231,0.462,0.223,2025-26
1630570,1610612755,53,6.5,3.3,2.5,-9.1,0.041,0.146,0.17,0.573,0.229,2025-26
1642280,1610612741,2,2.0,0.5,0.5,-18.2,0.1,0.0,0.25,0.667,0.5,2025-26
1630286,1610612751,6,8.0,5.2,1.7,-16.9,0.053,0.133,0.136,0.456,0.078,2025-26
1631211,1610612748,8,1.0,0.3,0.0,17.7,0.0,0.083,0.261,0.333,0.0,2025-26
1641725,1610612740,9,5.2,1.2,1.0,-7.0,0.008,0.083,0.148,0.599,0.107,2025-26
1641998,1610612752,13,1.0,1.4,0.4,-16.8,0.086,0.118,0.099,0.623,0.088,2025-26
1630530,1610612740,66,21.5,5.7,3.8,-3.6,0.026,0.131,0.223,0.613,0.16,2025-26
1642400,1610612739,9,4.1,1.6,0.8,21.7,0.096,0.085,0.16,0.587,0.101,2025-26
1641774,1610612764,49,9.0,3.0,1.1,-15.1,0.046,0.162,0.259,0.603,0.133,2025-26
1641783,1610612753,77,9.9,3.7,1.6,1.6,0.03,0.115,0.16,0.576,0.092,2025-26
1641803,1610612745,1,12.0,3.0,0.0,8.0,0.143,0.077,0.345,0.581,0.0,2025-26
1629660,1610612763,15,19.7,2.8,5.7,-5.0,0.035,0.093,0.332,0.616,0.409,2025-26
1631102,1610612746,16,1.3,0.4,1.1,-18.1,0.013,0.069,0.113,0.553,0.283,2025-26
1631174,1610612763,12,10.8,4.2,1.0,-22.3,0.023,0.137,0.18,0.521,0.062,2025-26
1629639,1610612748,33,20.5,4.8,4.1,-2.0,0.013,0.129,0.248,0.602,0.199,2025-26
1642278,1610612752,62,4.4,1.6,2.7,6.0,0.021,0.108,0.173,0.533,0.328,2025-26
1641890,1610612742,12,4.7,2.8,0.4,-4.1,0.059,0.117,0.135,0.532,0.041,2025-26
1631213,1610612755,46,6.3,2.5,1.7,-10.9,0.04,0.112,0.178,0.501,0.163,2025-26
1630178,1610612755,70,28.3,4.1,6.6,1.5,0.008,0.096,0.286,0.588,0.288,2025-26
1642878,1610612739,50,5.4,1.3,1.5,-0.3,0.019,0.092,0.214,0.556,0.196,2025-26
1630623,1610612751,24,7.9,1.1,1.7,-12.2,0.013,0.06,0.198,0.588,0.17,2025-26
1626145,1610612743,67,3.0,1.1,2.4,-6.1,0.011,0.065,0.103,0.448,0.222,2025-26
1642845,1610612755,75,16.0,5.6,4.2,0.9,0.044,0.111,0.196,0.54,0.172,2025-26
1641705,1610612759,64,25.0,11.5,3.1,17.0,0.071,0.285,0.316,0.626,0.17,2025-26
1631246,1610612762,40,7.5,3.9,4.2,0.3,0.044,0.123,0.19,0.478,0.281,2025-26
1642884,1610612748,9,0.8,1.0,0.3,16.3,0.111,0.214,0.101,0.788,0.136,2025-26
1630249,1610612757,65,8.5,2.3,1.5,-1.1,0.02,0.081,0.142,0.609,0.099,2025-26
1631117,1610612762,5,14.4,10.8,3.0,4.8,0.149,0.183,0.167,0.786,0.155,2025-26
1642383,1610612763,69,7.8,2.0,4.0,-9.6,0.017,0.081,0.181,0.523,0.274,2025-26
1628976,1610612753,78,11.8,7.4,2.0,2.2,0.07,0.177,0.156,0.617,0.095,2025-26
1631111,1610612765,6,1.7,1.0,0.7,34.6,0.02,0.085,0.066,0.635,0.068,2025-26
1642954,1610612744,69,6.4,2.5,1.3,-3.3,0.045,0.078,0.123,0.596,0.094,2025-26
1642860,1610612764,74,10.3,2.9,2.0,-14.1,0.033,0.097,0.196,0.548,0.131,2025-26
1630214,1610612766,30,1.5,1.4,0.4,-4.9,0.098,0.136,0.127,0.461,0.113,2025-26
1642905,1610612757,43,2.2,1.5,0.5,-15.1,0.063,0.139,0.196,0.413,0.111,2025-26
1642949,1610612746,41,4.3,2.9,0.3,4.5,0.096,0.176,0.153,0.691,0.041,2025-26
1642530,1610612741,18,3.4,1.8,2.6,-2.3,0.032,0.118,0.133,0.514,0.266,2025-26
1642274,1610612740,66,5.7,5.8,1.3,-1.3,0.128,0.147,0.122,0.556,0.087,2025-26
1642258,1610612737,67,9.6,3.8,1.1,0.2,0.044,0.121,0.168,0.557,0.068,2025-26
1628380,1610612741,10,9.7,5.6,1.5,3.4,0.081,0.205,0.177,0.666,0.114,2025-26
1641744,1610612763,11,13.6,11.1,1.1,18.3,0.148,0.243,0.2,0.669,0.061,2025-26
203897,1610612758,39,19.2,2.8,2.3,-12.6,0.006,0.083,0.234,0.614,0.111,2025-26
1630192,1610612743,52,3.7,2.6,0.6,-6.6,0.053,0.147,0.136,0.558,0.069,2025-26
1630533,1610612751,56,10.2,2.4,1.1,-10.1,0.022,0.084,0.179,0.579,0.076,2025-26
1629627,1610612740,62,21.0,5.7,3.2,-1.9,0.064,0.116,0.25,0.644,0.174,2025-26
1642389,1610612750,5,4.6,0.6,1.8,2.5,0.03,0.035,0.167,0.779,0.281,2025-26
